national_industry,naics_industry,source
Soybean Farming,Soybean Farming,2022 NAICS
Oilseed (except Soybean) Farming ,Oilseed (except Soybean) Farming,2022 NAICS
Dry Pea and Bean Farming ,Dry Pea and Bean Farming,2022 NAICS
Wheat Farming,Wheat Farming,2022 NAICS
Corn Farming ,Corn Farming,2022 NAICS
Rice Farming,Rice Farming,2022 NAICS
Oilseed and Grain Combination Farming ,Other Grain Farming,2022 NAICS
All Other Grain Farming ,Other Grain Farming,2022 NAICS
Potato Farming ,Vegetable and Melon Farming,2022 NAICS
Other Vegetable (except Potato) and Melon Farming ,Vegetable and Melon Farming,2022 NAICS
Orange Groves,Orange Groves,2022 NAICS
Citrus (except Orange) Groves ,Citrus (except Orange) Groves,2022 NAICS
Apple Orchards ,Noncitrus Fruit and Tree Nut Farming,2022 NAICS
Grape Vineyards ,Noncitrus Fruit and Tree Nut Farming,2022 NAICS
Strawberry Farming ,Noncitrus Fruit and Tree Nut Farming,2022 NAICS
Berry (except Strawberry) Farming ,Noncitrus Fruit and Tree Nut Farming,2022 NAICS
Tree Nut Farming ,Noncitrus Fruit and Tree Nut Farming,2022 NAICS
Fruit and Tree Nut Combination Farming ,Noncitrus Fruit and Tree Nut Farming,2022 NAICS
Other Noncitrus Fruit Farming ,Noncitrus Fruit and Tree Nut Farming,2022 NAICS
Mushroom Production ,Food Crops Grown Under Cover,2022 NAICS
Other Food Crops Grown Under Cover ,Food Crops Grown Under Cover,2022 NAICS
Nursery and Tree Production ,Nursery and Floriculture Production,2022 NAICS
Floriculture Production ,Nursery and Floriculture Production,2022 NAICS
Tobacco Farming,Tobacco Farming,2022 NAICS
Cotton Farming,Cotton Farming,2022 NAICS
Sugarcane Farming,Sugarcane Farming,2022 NAICS
Hay Farming ,Hay Farming,2022 NAICS
Sugar Beet Farming ,All Other Crop Farming,2022 NAICS
Peanut Farming ,All Other Crop Farming,2022 NAICS
All Other Miscellaneous Crop Farming ,All Other Crop Farming,2022 NAICS
Beef Cattle Ranching and Farming ,"Beef Cattle Ranching and Farming, including Feedlots",2022 NAICS
Cattle Feedlots ,"Beef Cattle Ranching and Farming, including Feedlots",2022 NAICS
Dairy Cattle and Milk Production,Dairy Cattle and Milk Production,2022 NAICS
Dual-Purpose Cattle Ranching and Farming ,Dual-Purpose Cattle Ranching and Farming,2022 NAICS
Hog and Pig Farming ,Hog and Pig Farming,2022 NAICS
Chicken Egg Production ,Chicken Egg Production,2022 NAICS
Broilers and Other Meat Type Chicken Production ,Broilers and Other Meat Type Chicken Production,2022 NAICS
Turkey Production,Turkey Production,2022 NAICS
Poultry Hatcheries,Poultry Hatcheries,2022 NAICS
Other Poultry Production ,Other Poultry Production,2022 NAICS
Sheep Farming,Sheep Farming,2022 NAICS
Goat Farming,Goat Farming,2022 NAICS
Finfish Farming and Fish Hatcheries ,Aquaculture,2022 NAICS
Shellfish Farming ,Aquaculture,2022 NAICS
Other Aquaculture ,Aquaculture,2022 NAICS
Apiculture,Apiculture,2022 NAICS
Horses and Other Equine Production,Horses and Other Equine Production,2022 NAICS
Fur-Bearing Animal and Rabbit Production,Fur-Bearing Animal and Rabbit Production,2022 NAICS
All Other Animal Production ,All Other Animal Production,2022 NAICS
Timber Tract Operations,Timber Tract Operations,2022 NAICS
Forest Nurseries and Gathering of Forest Products ,Forest Nurseries and Gathering of Forest Products,2022 NAICS
Logging ,Logging,2022 NAICS
Finfish Fishing ,Fishing,2022 NAICS
Shellfish Fishing ,Fishing,2022 NAICS
Other Marine Fishing ,Fishing,2022 NAICS
Hunting and Trapping,Hunting and Trapping,2022 NAICS
Cotton Ginning ,Support Activities for Crop Production,2022 NAICS
"Soil Preparation, Planting, and Cultivating ",Support Activities for Crop Production,2022 NAICS
"Crop Harvesting, Primarily by Machine ",Support Activities for Crop Production,2022 NAICS
Postharvest Crop Activities (except Cotton Ginning) ,Support Activities for Crop Production,2022 NAICS
Farm Labor Contractors and Crew Leaders ,Support Activities for Crop Production,2022 NAICS
Farm Management Services ,Support Activities for Crop Production,2022 NAICS
Support Activities for Animal Production,Support Activities for Animal Production,2022 NAICS
Support Activities for Forestry,Support Activities for Forestry,2022 NAICS
Crude Petroleum Extraction ,Crude Petroleum Extraction ,2022 NAICS
Natural Gas Extraction ,Natural Gas Extraction ,2022 NAICS
Surface Coal Mining ,Coal Mining,2022 NAICS
Underground Coal Mining ,Coal Mining,2022 NAICS
Iron Ore Mining,Iron Ore Mining,2022 NAICS
Gold Ore and Silver Ore Mining ,Gold Ore and Silver Ore Mining,2022 NAICS
"Copper, Nickel, Lead, and Zinc Mining ","Copper, Nickel, Lead, and Zinc Mining",2022 NAICS
Other Metal Ore Mining ,Other Metal Ore Mining,2022 NAICS
Dimension Stone Mining and Quarrying ,Stone Mining and Quarrying,2022 NAICS
Crushed and Broken Limestone Mining and Quarrying ,Stone Mining and Quarrying,2022 NAICS
Crushed and Broken Granite Mining and Quarrying ,Stone Mining and Quarrying,2022 NAICS
Other Crushed and Broken Stone Mining and Quarrying ,Stone Mining and Quarrying,2022 NAICS
Construction Sand and Gravel Mining ,"Sand, Gravel, Clay, and Ceramic and Refractory Minerals Mining and Quarrying",2022 NAICS
Industrial Sand Mining ,"Sand, Gravel, Clay, and Ceramic and Refractory Minerals Mining and Quarrying",2022 NAICS
"Kaolin, Clay, and Ceramic and Refractory Minerals Mining ","Sand, Gravel, Clay, and Ceramic and Refractory Minerals Mining and Quarrying",2022 NAICS
Other Nonmetallic Mineral Mining and Quarrying ,Other Nonmetallic Mineral Mining and Quarrying,2022 NAICS
Drilling Oil and Gas Wells,Support Activities for Mining,2022 NAICS
Support Activities for Oil and Gas Operations ,Support Activities for Mining,2022 NAICS
Support Activities for Coal Mining ,Support Activities for Mining,2022 NAICS
Support Activities for Metal Mining ,Support Activities for Mining,2022 NAICS
Support Activities for Nonmetallic Minerals (except Fuels) Mining ,Support Activities for Mining,2022 NAICS
Hydroelectric Power Generation ,Electric Power Generation ,2022 NAICS
Fossil Fuel Electric Power Generation ,Electric Power Generation ,2022 NAICS
Nuclear Electric Power Generation ,Electric Power Generation ,2022 NAICS
Solar Electric Power Generation ,Electric Power Generation ,2022 NAICS
Wind Electric Power Generation ,Electric Power Generation ,2022 NAICS
Geothermal Electric Power Generation ,Electric Power Generation ,2022 NAICS
Biomass Electric Power Generation ,Electric Power Generation ,2022 NAICS
Other Electric Power Generation ,Electric Power Generation ,2022 NAICS
Electric Bulk Power Transmission and Control ,"Electric Power Transmission, Control, and Distribution ",2022 NAICS
Electric Power Distribution ,"Electric Power Transmission, Control, and Distribution ",2022 NAICS
Natural Gas Distribution ,Natural Gas Distribution ,2022 NAICS
Water Supply and Irrigation Systems ,Water Supply and Irrigation Systems ,2022 NAICS
Sewage Treatment Facilities ,Sewage Treatment Facilities ,2022 NAICS
Steam and Air-Conditioning Supply ,Steam and Air-Conditioning Supply ,2022 NAICS
New Single-Family Housing Construction (except For-Sale Builders) ,Residential Building Construction,2022 NAICS
New Multifamily Housing Construction (except For-Sale Builders) ,Residential Building Construction,2022 NAICS
New Housing For-Sale Builders ,Residential Building Construction,2022 NAICS
Residential Remodelers ,Residential Building Construction,2022 NAICS
Industrial Building Construction ,Industrial Building Construction,2022 NAICS
Commercial and Institutional Building Construction ,Commercial and Institutional Building Construction,2022 NAICS
Water and Sewer Line and Related Structures Construction ,Water and Sewer Line and Related Structures Construction,2022 NAICS
Oil and Gas Pipeline and Related Structures Construction ,Oil and Gas Pipeline and Related Structures Construction,2022 NAICS
Power and Communication Line and Related Structures Construction ,Power and Communication Line and Related Structures Construction,2022 NAICS
Land Subdivision ,Land Subdivision,2022 NAICS
"Highway, Street, and Bridge Construction ","Highway, Street, and Bridge Construction",2022 NAICS
Other Heavy and Civil Engineering Construction ,Other Heavy and Civil Engineering Construction,2022 NAICS
Poured Concrete Foundation and Structure Contractors ,Poured Concrete Foundation and Structure Contractors ,2022 NAICS
Structural Steel and Precast Concrete Contractors ,Structural Steel and Precast Concrete Contractors ,2022 NAICS
Framing Contractors ,Framing Contractors ,2022 NAICS
Masonry Contractors ,Masonry Contractors ,2022 NAICS
Glass and Glazing Contractors ,Glass and Glazing Contractors ,2022 NAICS
Roofing Contractors ,Roofing Contractors ,2022 NAICS
Siding Contractors ,Siding Contractors ,2022 NAICS
"Other Foundation, Structure, and Building Exterior Contractors ","Other Foundation, Structure, and Building Exterior Contractors ",2022 NAICS
Electrical Contractors and Other Wiring Installation Contractors,Electrical Contractors and Other Wiring Installation Contractors,2022 NAICS
"Plumbing, Heating, and Air-Conditioning Contractors ","Plumbing, Heating, and Air-Conditioning Contractors",2022 NAICS
Other Building Equipment Contractors ,Other Building Equipment Contractors,2022 NAICS
Drywall and Insulation Contractors ,Drywall and Insulation Contractors,2022 NAICS
Painting and Wall Covering Contractors,Painting and Wall Covering Contractors,2022 NAICS
Flooring Contractors,Flooring Contractors,2022 NAICS
Tile and Terrazzo Contractors,Tile and Terrazzo Contractors,2022 NAICS
Finish Carpentry Contractors,Finish Carpentry Contractors,2022 NAICS
Other Building Finishing Contractors,Other Building Finishing Contractors,2022 NAICS
Site Preparation Contractors,Site Preparation Contractors,2022 NAICS
All Other Specialty Trade Contractors,All Other Specialty Trade Contractors,2022 NAICS
Dog and Cat Food Manufacturing ,Animal Food Manufacturing,2022 NAICS
Other Animal Food Manufacturing ,Animal Food Manufacturing,2022 NAICS
Flour Milling ,Flour Milling and Malt Manufacturing,2022 NAICS
Rice Milling ,Flour Milling and Malt Manufacturing,2022 NAICS
Malt Manufacturing ,Flour Milling and Malt Manufacturing,2022 NAICS
Wet Corn Milling and Starch Manufacturing ,Starch and Vegetable Fats and Oils Manufacturing,2022 NAICS
Soybean and Other Oilseed Processing ,Starch and Vegetable Fats and Oils Manufacturing,2022 NAICS
Fats and Oils Refining and Blending ,Starch and Vegetable Fats and Oils Manufacturing,2022 NAICS
Breakfast Cereal Manufacturing,Breakfast Cereal Manufacturing,2022 NAICS
Beet Sugar Manufacturing ,Sugar Manufacturing,2022 NAICS
Cane Sugar Manufacturing ,Sugar Manufacturing,2022 NAICS
Nonchocolate Confectionery Manufacturing,Nonchocolate Confectionery Manufacturing,2022 NAICS
Chocolate and Confectionery Manufacturing from Cacao Beans ,Chocolate and Confectionery Manufacturing,2022 NAICS
Confectionery Manufacturing from Purchased Chocolate ,Chocolate and Confectionery Manufacturing,2022 NAICS
"Frozen Fruit, Juice, and Vegetable Manufacturing ",Frozen Food Manufacturing,2022 NAICS
Frozen Specialty Food Manufacturing ,Frozen Food Manufacturing,2022 NAICS
Fruit and Vegetable Canning ,"Fruit and Vegetable Canning, Pickling, and Drying",2022 NAICS
Specialty Canning ,"Fruit and Vegetable Canning, Pickling, and Drying",2022 NAICS
Dried and Dehydrated Food Manufacturing ,"Fruit and Vegetable Canning, Pickling, and Drying",2022 NAICS
Fluid Milk Manufacturing ,Dairy Product (except Frozen) Manufacturing,2022 NAICS
Creamery Butter Manufacturing ,Dairy Product (except Frozen) Manufacturing,2022 NAICS
Cheese Manufacturing ,Dairy Product (except Frozen) Manufacturing,2022 NAICS
"Dry, Condensed, and Evaporated Dairy Product Manufacturing ",Dairy Product (except Frozen) Manufacturing,2022 NAICS
Ice Cream and Frozen Dessert Manufacturing,Ice Cream and Frozen Dessert Manufacturing,2022 NAICS
Animal (except Poultry) Slaughtering ,Animal Slaughtering and Processing,2022 NAICS
Meat Processed from Carcasses ,Animal Slaughtering and Processing,2022 NAICS
Rendering and Meat Byproduct Processing ,Animal Slaughtering and Processing,2022 NAICS
Poultry Processing ,Animal Slaughtering and Processing,2022 NAICS
Seafood Product Preparation and Packaging,Seafood Product Preparation and Packaging,2022 NAICS
Retail Bakeries ,Bread and Bakery Product Manufacturing,2022 NAICS
Commercial Bakeries ,Bread and Bakery Product Manufacturing,2022 NAICS
"Frozen Cakes, Pies, and Other Pastries Manufacturing ",Bread and Bakery Product Manufacturing,2022 NAICS
Cookie and Cracker Manufacturing ,"Cookie, Cracker, and Pasta Manufacturing",2022 NAICS
"Dry Pasta, Dough, and Flour Mixes Manufacturing from Purchased Flour ","Cookie, Cracker, and Pasta Manufacturing",2022 NAICS
Tortilla Manufacturing,Tortilla Manufacturing,2022 NAICS
Roasted Nuts and Peanut Butter Manufacturing ,Snack Food Manufacturing,2022 NAICS
Other Snack Food Manufacturing ,Snack Food Manufacturing,2022 NAICS
Coffee and Tea Manufacturing ,Coffee and Tea Manufacturing,2022 NAICS
Flavoring Syrup and Concentrate Manufacturing,Flavoring Syrup and Concentrate Manufacturing,2022 NAICS
"Mayonnaise, Dressing, and Other Prepared Sauce Manufacturing ",Seasoning and Dressing Manufacturing,2022 NAICS
Spice and Extract Manufacturing ,Seasoning and Dressing Manufacturing,2022 NAICS
Perishable Prepared Food Manufacturing ,All Other Food Manufacturing,2022 NAICS
All Other Miscellaneous Food Manufacturing ,All Other Food Manufacturing,2022 NAICS
Soft Drink Manufacturing ,Soft Drink and Ice Manufacturing,2022 NAICS
Bottled Water Manufacturing ,Soft Drink and Ice Manufacturing,2022 NAICS
Ice Manufacturing ,Soft Drink and Ice Manufacturing,2022 NAICS
Breweries,Breweries,2022 NAICS
Wineries ,Wineries,2022 NAICS
Distilleries ,Distilleries,2022 NAICS
Tobacco Manufacturing ,Tobacco Manufacturing,2022 NAICS
"Fiber, Yarn, and Thread Mills ","Fiber, Yarn, and Thread Mills",2022 NAICS
Broadwoven Fabric Mills,Broadwoven Fabric Mills,2022 NAICS
Narrow Fabric Mills and Schiffli Machine Embroidery,Narrow Fabric Mills and Schiffli Machine Embroidery,2022 NAICS
Nonwoven Fabric Mills,Nonwoven Fabric Mills,2022 NAICS
Knit Fabric Mills,Knit Fabric Mills,2022 NAICS
Textile and Fabric Finishing Mills ,Textile and Fabric Finishing Mills,2022 NAICS
Fabric Coating Mills,Fabric Coating Mills,2022 NAICS
Carpet and Rug Mills,Carpet and Rug Mills,2022 NAICS
Curtain and Linen Mills,Curtain and Linen Mills,2022 NAICS
Textile Bag and Canvas Mills ,Textile Bag and Canvas Mills,2022 NAICS
"Rope, Cordage, Twine, Tire Cord, and Tire Fabric Mills ",All Other Textile Product Mills,2022 NAICS
All Other Miscellaneous Textile Product Mills ,All Other Textile Product Mills,2022 NAICS
Apparel Knitting Mills,Apparel Knitting Mills,2022 NAICS
Cut and Sew Apparel Contractors ,Cut and Sew Apparel Contractors ,2022 NAICS
Cut and Sew Apparel Manufacturing (except Contractors) ,Cut and Sew Apparel Manufacturing (except Contractors) ,2022 NAICS
Apparel Accessories and Other Apparel Manufacturing ,Apparel Accessories and Other Apparel Manufacturing,2022 NAICS
Leather and Hide Tanning and Finishing,Leather and Hide Tanning and Finishing,2022 NAICS
Footwear Manufacturing ,Footwear Manufacturing,2022 NAICS
Other Leather and Allied Product Manufacturing ,Other Leather and Allied Product Manufacturing,2022 NAICS
Sawmills ,Sawmills and Wood Preservation,2022 NAICS
Wood Preservation ,Sawmills and Wood Preservation,2022 NAICS
Hardwood Veneer and Plywood Manufacturing ,"Veneer, Plywood, and Engineered Wood Product Manufacturing",2022 NAICS
Softwood Veneer and Plywood Manufacturing ,"Veneer, Plywood, and Engineered Wood Product Manufacturing",2022 NAICS
Engineered Wood Member Manufacturing ,"Veneer, Plywood, and Engineered Wood Product Manufacturing",2022 NAICS
Reconstituted Wood Product Manufacturing ,"Veneer, Plywood, and Engineered Wood Product Manufacturing",2022 NAICS
Wood Window and Door Manufacturing ,Millwork,2022 NAICS
"Cut Stock, Resawing Lumber, and Planing ",Millwork,2022 NAICS
Other Millwork (including Flooring) ,Millwork,2022 NAICS
Wood Container and Pallet Manufacturing,Wood Container and Pallet Manufacturing,2022 NAICS
Manufactured Home (Mobile Home) Manufacturing ,All Other Wood Product Manufacturing,2022 NAICS
Prefabricated Wood Building Manufacturing ,All Other Wood Product Manufacturing,2022 NAICS
All Other Miscellaneous Wood Product Manufacturing ,All Other Wood Product Manufacturing,2022 NAICS
Pulp Mills ,Pulp Mills,2022 NAICS
Paper Mills ,Paper Mills,2022 NAICS
Paperboard Mills ,Paperboard Mills,2022 NAICS
Corrugated and Solid Fiber Box Manufacturing ,Paperboard Container Manufacturing,2022 NAICS
Folding Paperboard Box Manufacturing ,Paperboard Container Manufacturing,2022 NAICS
Other Paperboard Container Manufacturing ,Paperboard Container Manufacturing,2022 NAICS
Paper Bag and Coated and Treated Paper Manufacturing,Paper Bag and Coated and Treated Paper Manufacturing,2022 NAICS
Stationery Product Manufacturing,Stationery Product Manufacturing,2022 NAICS
Sanitary Paper Product Manufacturing ,Other Converted Paper Product Manufacturing,2022 NAICS
All Other Converted Paper Product Manufacturing ,Other Converted Paper Product Manufacturing,2022 NAICS
Commercial Printing (except Screen and Books) ,Printing,2022 NAICS
Commercial Screen Printing ,Printing,2022 NAICS
Books Printing ,Printing,2022 NAICS
Support Activities for Printing,Support Activities for Printing,2022 NAICS
Petroleum Refineries,Petroleum Refineries,2022 NAICS
Asphalt Paving Mixture and Block Manufacturing ,"Asphalt Paving, Roofing, and Saturated Materials Manufacturing",2022 NAICS
Asphalt Shingle and Coating Materials Manufacturing ,"Asphalt Paving, Roofing, and Saturated Materials Manufacturing",2022 NAICS
Petroleum Lubricating Oil and Grease Manufacturing ,Other Petroleum and Coal Products Manufacturing,2022 NAICS
All Other Petroleum and Coal Products Manufacturing ,Other Petroleum and Coal Products Manufacturing,2022 NAICS
Petrochemical Manufacturing,Petrochemical Manufacturing,2022 NAICS
Industrial Gas Manufacturing,Industrial Gas Manufacturing,2022 NAICS
Synthetic Dye and Pigment Manufacturing,Synthetic Dye and Pigment Manufacturing,2022 NAICS
Other Basic Inorganic Chemical Manufacturing ,Other Basic Inorganic Chemical Manufacturing,2022 NAICS
Ethyl Alcohol Manufacturing ,Other Basic Organic Chemical Manufacturing,2022 NAICS
"Cyclic Crude, Intermediate, and Gum and Wood Chemical Manufacturing ",Other Basic Organic Chemical Manufacturing,2022 NAICS
All Other Basic Organic Chemical Manufacturing ,Other Basic Organic Chemical Manufacturing,2022 NAICS
Plastics Material and Resin Manufacturing ,Resin and Synthetic Rubber Manufacturing,2022 NAICS
Synthetic Rubber Manufacturing ,Resin and Synthetic Rubber Manufacturing,2022 NAICS
Artificial and Synthetic Fibers and Filaments Manufacturing,Artificial and Synthetic Fibers and Filaments Manufacturing,2022 NAICS
Nitrogenous Fertilizer Manufacturing ,Fertilizer and Compost Manufacturing,2022 NAICS
Phosphatic Fertilizer Manufacturing ,Fertilizer and Compost Manufacturing,2022 NAICS
Fertilizer (Mixing Only) Manufacturing ,Fertilizer and Compost Manufacturing,2022 NAICS
Compost Manufacturing,Fertilizer and Compost Manufacturing,2022 NAICS
Pesticide and Other Agricultural Chemical Manufacturing,Pesticide and Other Agricultural Chemical Manufacturing,2022 NAICS
Medicinal and Botanical Manufacturing ,Pharmaceutical and Medicine Manufacturing,2022 NAICS
Pharmaceutical Preparation Manufacturing ,Pharmaceutical and Medicine Manufacturing,2022 NAICS
In-Vitro Diagnostic Substance Manufacturing ,Pharmaceutical and Medicine Manufacturing,2022 NAICS
Biological Product (except Diagnostic) Manufacturing ,Pharmaceutical and Medicine Manufacturing,2022 NAICS
Paint and Coating Manufacturing,Paint and Coating Manufacturing,2022 NAICS
Adhesive Manufacturing,Adhesive Manufacturing,2022 NAICS
Soap and Other Detergent Manufacturing ,Soap and Cleaning Compound Manufacturing,2022 NAICS
Polish and Other Sanitation Good Manufacturing ,Soap and Cleaning Compound Manufacturing,2022 NAICS
Surface Active Agent Manufacturing ,Soap and Cleaning Compound Manufacturing,2022 NAICS
Toilet Preparation Manufacturing,Toilet Preparation Manufacturing,2022 NAICS
Printing Ink Manufacturing,Printing Ink Manufacturing,2022 NAICS
Explosives Manufacturing,Explosives Manufacturing,2022 NAICS
Custom Compounding of Purchased Resins ,All Other Chemical Product and Preparation Manufacturing,2022 NAICS
"Photographic Film, Paper, Plate, Chemical, and Copy Toner Manufacturing ",All Other Chemical Product and Preparation Manufacturing,2022 NAICS
All Other Miscellaneous Chemical Product and Preparation Manufacturing ,All Other Chemical Product and Preparation Manufacturing,2022 NAICS
Plastics Bag and Pouch Manufacturing ,Plastics Packaging Materials and Unlaminated Film and Sheet Manufacturing,2022 NAICS
Plastics Packaging Film and Sheet (including Laminated) Manufacturing ,Plastics Packaging Materials and Unlaminated Film and Sheet Manufacturing,2022 NAICS
Unlaminated Plastics Film and Sheet (except Packaging) Manufacturing ,Plastics Packaging Materials and Unlaminated Film and Sheet Manufacturing,2022 NAICS
Unlaminated Plastics Profile Shape Manufacturing ,"Plastics Pipe, Pipe Fitting, and Unlaminated Profile Shape Manufacturing",2022 NAICS
Plastics Pipe and Pipe Fitting Manufacturing ,"Plastics Pipe, Pipe Fitting, and Unlaminated Profile Shape Manufacturing",2022 NAICS
"Laminated Plastics Plate, Sheet (except Packaging), and Shape Manufacturing","Laminated Plastics Plate, Sheet (except Packaging), and Shape Manufacturing",2022 NAICS
Polystyrene Foam Product Manufacturing,Polystyrene Foam Product Manufacturing,2022 NAICS
Urethane and Other Foam Product (except Polystyrene) Manufacturing,Urethane and Other Foam Product (except Polystyrene) Manufacturing,2022 NAICS
Plastics Bottle Manufacturing,Plastics Bottle Manufacturing,2022 NAICS
Plastics Plumbing Fixture Manufacturing ,Other Plastics Product Manufacturing,2022 NAICS
All Other Plastics Product Manufacturing ,Other Plastics Product Manufacturing,2022 NAICS
Tire Manufacturing (except Retreading) ,Tire Manufacturing,2022 NAICS
Tire Retreading ,Tire Manufacturing,2022 NAICS
Rubber and Plastics Hoses and Belting Manufacturing,Rubber and Plastics Hoses and Belting Manufacturing,2022 NAICS
Rubber Product Manufacturing for Mechanical Use ,Other Rubber Product Manufacturing,2022 NAICS
All Other Rubber Product Manufacturing ,Other Rubber Product Manufacturing,2022 NAICS
"Pottery, Ceramics, and Plumbing Fixture Manufacturing ","Pottery, Ceramics, and Plumbing Fixture Manufacturing",2022 NAICS
Clay Building Material and Refractories Manufacturing ,Clay Building Material and Refractories Manufacturing,2022 NAICS
Flat Glass Manufacturing ,Glass and Glass Product Manufacturing,2022 NAICS
Other Pressed and Blown Glass and Glassware Manufacturing ,Glass and Glass Product Manufacturing,2022 NAICS
Glass Container Manufacturing ,Glass and Glass Product Manufacturing,2022 NAICS
Glass Product Manufacturing Made of Purchased Glass ,Glass and Glass Product Manufacturing,2022 NAICS
Cement Manufacturing,Cement Manufacturing,2022 NAICS
Ready-Mix Concrete Manufacturing,Ready-Mix Concrete Manufacturing,2022 NAICS
Concrete Block and Brick Manufacturing ,"Concrete Pipe, Brick, and Block Manufacturing",2022 NAICS
Concrete Pipe Manufacturing ,"Concrete Pipe, Brick, and Block Manufacturing",2022 NAICS
Other Concrete Product Manufacturing ,Other Concrete Product Manufacturing,2022 NAICS
Lime Manufacturing,Lime Manufacturing,2022 NAICS
Gypsum Product Manufacturing,Gypsum Product Manufacturing,2022 NAICS
Abrasive Product Manufacturing,Abrasive Product Manufacturing,2022 NAICS
Cut Stone and Stone Product Manufacturing ,All Other Nonmetallic Mineral Product Manufacturing,2022 NAICS
Ground or Treated Mineral and Earth Manufacturing ,All Other Nonmetallic Mineral Product Manufacturing,2022 NAICS
Mineral Wool Manufacturing ,All Other Nonmetallic Mineral Product Manufacturing,2022 NAICS
All Other Miscellaneous Nonmetallic Mineral Product Manufacturing ,All Other Nonmetallic Mineral Product Manufacturing,2022 NAICS
Iron and Steel Mills and Ferroalloy Manufacturing ,Iron and Steel Mills and Ferroalloy Manufacturing,2022 NAICS
Iron and Steel Pipe and Tube Manufacturing from Purchased Steel,Iron and Steel Pipe and Tube Manufacturing from Purchased Steel,2022 NAICS
Rolled Steel Shape Manufacturing ,Rolling and Drawing of Purchased Steel,2022 NAICS
Steel Wire Drawing ,Rolling and Drawing of Purchased Steel,2022 NAICS
Alumina Refining and Primary Aluminum Production ,Alumina and Aluminum Production and Processing,2022 NAICS
Secondary Smelting and Alloying of Aluminum ,Alumina and Aluminum Production and Processing,2022 NAICS
"Aluminum Sheet, Plate, and Foil Manufacturing ",Alumina and Aluminum Production and Processing,2022 NAICS
"Other Aluminum Rolling, Drawing, and Extruding ",Alumina and Aluminum Production and Processing,2022 NAICS
Nonferrous Metal (except Aluminum) Smelting and Refining ,Nonferrous Metal (except Aluminum) Smelting and Refining,2022 NAICS
"Copper Rolling, Drawing, Extruding, and Alloying","Copper Rolling, Drawing, Extruding, and Alloying",2022 NAICS
"Nonferrous Metal (except Copper and Aluminum) Rolling, Drawing, and Extruding ","Nonferrous Metal (except Copper and Aluminum) Rolling, Drawing, Extruding, and Alloying",2022 NAICS
"Secondary Smelting, Refining, and Alloying of Nonferrous Metal (except Copper and Aluminum) ","Nonferrous Metal (except Copper and Aluminum) Rolling, Drawing, Extruding, and Alloying",2022 NAICS
Iron Foundries ,Ferrous Metal Foundries,2022 NAICS
Steel Investment Foundries ,Ferrous Metal Foundries,2022 NAICS
Steel Foundries (except Investment) ,Ferrous Metal Foundries,2022 NAICS
Nonferrous Metal Die-Casting Foundries ,Nonferrous Metal Foundries,2022 NAICS
Aluminum Foundries (except Die-Casting) ,Nonferrous Metal Foundries,2022 NAICS
Other Nonferrous Metal Foundries (except Die-Casting) ,Nonferrous Metal Foundries,2022 NAICS
Iron and Steel Forging ,Forging and Stamping,2022 NAICS
Nonferrous Forging ,Forging and Stamping,2022 NAICS
Custom Roll Forming ,Forging and Stamping,2022 NAICS
Powder Metallurgy Part Manufacturing ,Forging and Stamping,2022 NAICS
"Metal Crown, Closure, and Other Metal Stamping (except Automotive) ",Forging and Stamping,2022 NAICS
"Metal Kitchen Cookware, Utensil, Cutlery, and Flatware (except Precious) Manufacturing ",Cutlery and Handtool Manufacturing,2022 NAICS
Saw Blade and Handtool Manufacturing ,Cutlery and Handtool Manufacturing,2022 NAICS
Prefabricated Metal Building and Component Manufacturing ,Plate Work and Fabricated Structural Product Manufacturing,2022 NAICS
Fabricated Structural Metal Manufacturing ,Plate Work and Fabricated Structural Product Manufacturing,2022 NAICS
Plate Work Manufacturing ,Plate Work and Fabricated Structural Product Manufacturing,2022 NAICS
Metal Window and Door Manufacturing ,Ornamental and Architectural Metal Products Manufacturing,2022 NAICS
Sheet Metal Work Manufacturing ,Ornamental and Architectural Metal Products Manufacturing,2022 NAICS
Ornamental and Architectural Metal Work Manufacturing ,Ornamental and Architectural Metal Products Manufacturing,2022 NAICS
Power Boiler and Heat Exchanger Manufacturing,Power Boiler and Heat Exchanger Manufacturing,2022 NAICS
Metal Tank (Heavy Gauge) Manufacturing,Metal Tank (Heavy Gauge) Manufacturing,2022 NAICS
Metal Can Manufacturing ,"Metal Can, Box, and Other Metal Container (Light Gauge) Manufacturing",2022 NAICS
Other Metal Container Manufacturing ,"Metal Can, Box, and Other Metal Container (Light Gauge) Manufacturing",2022 NAICS
Hardware Manufacturing,Hardware Manufacturing,2022 NAICS
Spring Manufacturing ,Spring and Wire Product Manufacturing,2022 NAICS
Other Fabricated Wire Product Manufacturing ,Spring and Wire Product Manufacturing,2022 NAICS
Machine Shops,Machine Shops,2022 NAICS
Precision Turned Product Manufacturing ,"Turned Product and Screw, Nut, and Bolt Manufacturing",2022 NAICS
"Bolt, Nut, Screw, Rivet, and Washer Manufacturing ","Turned Product and Screw, Nut, and Bolt Manufacturing",2022 NAICS
Metal Heat Treating ,"Coating, Engraving, Heat Treating, and Allied Activities",2022 NAICS
"Metal Coating, Engraving (except Jewelry and Silverware), and Allied Services to Manufacturers ","Coating, Engraving, Heat Treating, and Allied Activities",2022 NAICS
"Electroplating, Plating, Polishing, Anodizing, and Coloring ","Coating, Engraving, Heat Treating, and Allied Activities",2022 NAICS
Industrial Valve Manufacturing ,Metal Valve Manufacturing,2022 NAICS
Fluid Power Valve and Hose Fitting Manufacturing ,Metal Valve Manufacturing,2022 NAICS
Plumbing Fixture Fitting and Trim Manufacturing ,Metal Valve Manufacturing,2022 NAICS
Other Metal Valve and Pipe Fitting Manufacturing ,Metal Valve Manufacturing,2022 NAICS
Ball and Roller Bearing Manufacturing,All Other Fabricated Metal Product Manufacturing,2022 NAICS
Small Arms Ammunition Manufacturing ,All Other Fabricated Metal Product Manufacturing,2022 NAICS
Ammunition (except Small Arms) Manufacturing ,All Other Fabricated Metal Product Manufacturing,2022 NAICS
"Small Arms, Ordnance, and Ordnance Accessories Manufacturing ",All Other Fabricated Metal Product Manufacturing,2022 NAICS
Fabricated Pipe and Pipe Fitting Manufacturing ,All Other Fabricated Metal Product Manufacturing,2022 NAICS
All Other Miscellaneous Fabricated Metal Product Manufacturing ,All Other Fabricated Metal Product Manufacturing,2022 NAICS
Farm Machinery and Equipment Manufacturing ,Agricultural Implement Manufacturing,2022 NAICS
Lawn and Garden Tractor and Home Lawn and Garden Equipment Manufacturing ,Agricultural Implement Manufacturing,2022 NAICS
Construction Machinery Manufacturing,Construction Machinery Manufacturing,2022 NAICS
Mining Machinery and Equipment Manufacturing ,Mining and Oil and Gas Field Machinery Manufacturing,2022 NAICS
Oil and Gas Field Machinery and Equipment Manufacturing ,Mining and Oil and Gas Field Machinery Manufacturing,2022 NAICS
Food Product Machinery Manufacturing ,Industrial Machinery Manufacturing,2022 NAICS
Semiconductor Machinery Manufacturing ,Industrial Machinery Manufacturing,2022 NAICS
"Sawmill, Woodworking, and Paper Machinery Manufacturing ",Industrial Machinery Manufacturing,2022 NAICS
All Other Industrial Machinery Manufacturing ,Industrial Machinery Manufacturing,2022 NAICS
Commercial and Service Industry Machinery Manufacturing ,Commercial and Service Industry Machinery Manufacturing,2022 NAICS
Industrial and Commercial Fan and Blower and Air Purification Equipment Manufacturing ,"Ventilation, Heating, Air-Conditioning, and Commercial Refrigeration Equipment Manufacturing",2022 NAICS
Heating Equipment (except Warm Air Furnaces) Manufacturing ,"Ventilation, Heating, Air-Conditioning, and Commercial Refrigeration Equipment Manufacturing",2022 NAICS
Air-Conditioning and Warm Air Heating Equipment and Commercial and Industrial Refrigeration Equipment Manufacturing ,"Ventilation, Heating, Air-Conditioning, and Commercial Refrigeration Equipment Manufacturing",2022 NAICS
Industrial Mold Manufacturing ,Metalworking Machinery Manufacturing,2022 NAICS
"Special Die and Tool, Die Set, Jig, and Fixture Manufacturing ",Metalworking Machinery Manufacturing,2022 NAICS
Cutting Tool and Machine Tool Accessory Manufacturing ,Metalworking Machinery Manufacturing,2022 NAICS
Machine Tool Manufacturing ,Metalworking Machinery Manufacturing,2022 NAICS
Rolling Mill and Other Metalworking Machinery Manufacturing ,Metalworking Machinery Manufacturing,2022 NAICS
Turbine and Turbine Generator Set Units Manufacturing ,"Engine, Turbine, and Power Transmission Equipment Manufacturing",2022 NAICS
"Speed Changer, Industrial High-Speed Drive, and Gear Manufacturing ","Engine, Turbine, and Power Transmission Equipment Manufacturing",2022 NAICS
Mechanical Power Transmission Equipment Manufacturing ,"Engine, Turbine, and Power Transmission Equipment Manufacturing",2022 NAICS
Other Engine Equipment Manufacturing ,"Engine, Turbine, and Power Transmission Equipment Manufacturing",2022 NAICS
Air and Gas Compressor Manufacturing ,Pump and Compressor Manufacturing,2022 NAICS
"Measuring, Dispensing, and Other Pumping Equipment Manufacturing ",Pump and Compressor Manufacturing,2022 NAICS
Elevator and Moving Stairway Manufacturing ,Material Handling Equipment Manufacturing,2022 NAICS
Conveyor and Conveying Equipment Manufacturing ,Material Handling Equipment Manufacturing,2022 NAICS
"Overhead Traveling Crane, Hoist, and Monorail System Manufacturing ",Material Handling Equipment Manufacturing,2022 NAICS
"Industrial Truck, Tractor, Trailer, and Stacker Machinery Manufacturing ",Material Handling Equipment Manufacturing,2022 NAICS
Power-Driven Handtool Manufacturing ,All Other General Purpose Machinery Manufacturing,2022 NAICS
Welding and Soldering Equipment Manufacturing ,All Other General Purpose Machinery Manufacturing,2022 NAICS
Packaging Machinery Manufacturing ,All Other General Purpose Machinery Manufacturing,2022 NAICS
Industrial Process Furnace and Oven Manufacturing ,All Other General Purpose Machinery Manufacturing,2022 NAICS
Fluid Power Cylinder and Actuator Manufacturing ,All Other General Purpose Machinery Manufacturing,2022 NAICS
Fluid Power Pump and Motor Manufacturing ,All Other General Purpose Machinery Manufacturing,2022 NAICS
All Other Miscellaneous General Purpose Machinery Manufacturing ,All Other General Purpose Machinery Manufacturing,2022 NAICS
Electronic Computer Manufacturing ,Computer and Peripheral Equipment Manufacturing,2022 NAICS
Computer Storage Device Manufacturing ,Computer and Peripheral Equipment Manufacturing,2022 NAICS
Computer Terminal and Other Computer Peripheral Equipment Manufacturing ,Computer and Peripheral Equipment Manufacturing,2022 NAICS
Telephone Apparatus Manufacturing,Telephone Apparatus Manufacturing,2022 NAICS
Radio and Television Broadcasting and Wireless Communications Equipment Manufacturing,Radio and Television Broadcasting and Wireless Communications Equipment Manufacturing,2022 NAICS
Other Communications Equipment Manufacturing,Other Communications Equipment Manufacturing,2022 NAICS
Audio and Video Equipment Manufacturing,Audio and Video Equipment Manufacturing,2022 NAICS
Bare Printed Circuit Board Manufacturing  ,Semiconductor and Other Electronic Component Manufacturing,2022 NAICS
Semiconductor and Related Device Manufacturing ,Semiconductor and Other Electronic Component Manufacturing,2022 NAICS
"Capacitor, Resistor, Coil, Transformer, and Other Inductor Manufacturing ",Semiconductor and Other Electronic Component Manufacturing,2022 NAICS
Electronic Connector Manufacturing ,Semiconductor and Other Electronic Component Manufacturing,2022 NAICS
Printed Circuit Assembly (Electronic Assembly) Manufacturing ,Semiconductor and Other Electronic Component Manufacturing,2022 NAICS
Other Electronic Component Manufacturing ,Semiconductor and Other Electronic Component Manufacturing,2022 NAICS
Electromedical and Electrotherapeutic Apparatus Manufacturing ,"Navigational, Measuring, Electromedical, and Control Instruments Manufacturing",2022 NAICS
"Search, Detection, Navigation, Guidance, Aeronautical, and Nautical System and Instrument Manufacturing ","Navigational, Measuring, Electromedical, and Control Instruments Manufacturing",2022 NAICS
"Automatic Environmental Control Manufacturing for Residential, Commercial, and Appliance Use ","Navigational, Measuring, Electromedical, and Control Instruments Manufacturing",2022 NAICS
"Instruments and Related Products Manufacturing for Measuring, Displaying, and Controlling Industrial Process Variables ","Navigational, Measuring, Electromedical, and Control Instruments Manufacturing",2022 NAICS
Totalizing Fluid Meter and Counting Device Manufacturing ,"Navigational, Measuring, Electromedical, and Control Instruments Manufacturing",2022 NAICS
Instrument Manufacturing for Measuring and Testing Electricity and Electrical Signals ,"Navigational, Measuring, Electromedical, and Control Instruments Manufacturing",2022 NAICS
Analytical Laboratory Instrument Manufacturing ,"Navigational, Measuring, Electromedical, and Control Instruments Manufacturing",2022 NAICS
Irradiation Apparatus Manufacturing ,"Navigational, Measuring, Electromedical, and Control Instruments Manufacturing",2022 NAICS
Other Measuring and Controlling Device Manufacturing ,"Navigational, Measuring, Electromedical, and Control Instruments Manufacturing",2022 NAICS
Manufacturing and Reproducing Magnetic and Optical Media ,Manufacturing and Reproducing Magnetic and Optical Media,2022 NAICS
Residential Electric Lighting Fixture Manufacturing ,Electric Lighting Equipment Manufacturing,2022 NAICS
"Commercial, Industrial, and Institutional Electric Lighting Fixture Manufacturing ",Electric Lighting Equipment Manufacturing,2022 NAICS
Electric Lamp Bulb and Other Lighting Equipment Manufacturing ,Electric Lighting Equipment Manufacturing,2022 NAICS
Small Electrical Appliance Manufacturing,Small Electrical Appliance Manufacturing,2022 NAICS
Major Household Appliance Manufacturing ,Major Household Appliance Manufacturing ,2022 NAICS
"Power, Distribution, and Specialty Transformer Manufacturing ",Electrical Equipment Manufacturing,2022 NAICS
Motor and Generator Manufacturing ,Electrical Equipment Manufacturing,2022 NAICS
Switchgear and Switchboard Apparatus Manufacturing ,Electrical Equipment Manufacturing,2022 NAICS
Relay and Industrial Control Manufacturing ,Electrical Equipment Manufacturing,2022 NAICS
Battery Manufacturing ,Battery Manufacturing,2022 NAICS
Fiber Optic Cable Manufacturing ,Communication and Energy Wire and Cable Manufacturing,2022 NAICS
Other Communication and Energy Wire Manufacturing ,Communication and Energy Wire and Cable Manufacturing,2022 NAICS
Current-Carrying Wiring Device Manufacturing ,Wiring Device Manufacturing,2022 NAICS
Noncurrent-Carrying Wiring Device Manufacturing ,Wiring Device Manufacturing,2022 NAICS
Carbon and Graphite Product Manufacturing ,All Other Electrical Equipment and Component Manufacturing,2022 NAICS
All Other Miscellaneous Electrical Equipment and Component Manufacturing ,All Other Electrical Equipment and Component Manufacturing,2022 NAICS
Automobile and Light Duty Motor Vehicle Manufacturing ,Automobile and Light Duty Motor Vehicle Manufacturing,2022 NAICS
Heavy Duty Truck Manufacturing,Heavy Duty Truck Manufacturing,2022 NAICS
Motor Vehicle Body Manufacturing ,Motor Vehicle Body and Trailer Manufacturing,2022 NAICS
Truck Trailer Manufacturing ,Motor Vehicle Body and Trailer Manufacturing,2022 NAICS
Motor Home Manufacturing ,Motor Vehicle Body and Trailer Manufacturing,2022 NAICS
Travel Trailer and Camper Manufacturing ,Motor Vehicle Body and Trailer Manufacturing,2022 NAICS
Motor Vehicle Gasoline Engine and Engine Parts Manufacturing,Motor Vehicle Gasoline Engine and Engine Parts Manufacturing,2022 NAICS
Motor Vehicle Electrical and Electronic Equipment Manufacturing,Motor Vehicle Electrical and Electronic Equipment Manufacturing,2022 NAICS
Motor Vehicle Steering and Suspension Components (except Spring) Manufacturing,Motor Vehicle Steering and Suspension Components (except Spring) Manufacturing,2022 NAICS
Motor Vehicle Brake System Manufacturing,Motor Vehicle Brake System Manufacturing,2022 NAICS
Motor Vehicle Transmission and Power Train Parts Manufacturing,Motor Vehicle Transmission and Power Train Parts Manufacturing,2022 NAICS
Motor Vehicle Seating and Interior Trim Manufacturing,Motor Vehicle Seating and Interior Trim Manufacturing,2022 NAICS
Motor Vehicle Metal Stamping,Motor Vehicle Metal Stamping,2022 NAICS
Other Motor Vehicle Parts Manufacturing,Other Motor Vehicle Parts Manufacturing,2022 NAICS
Aircraft Manufacturing ,Aerospace Product and Parts Manufacturing,2022 NAICS
Aircraft Engine and Engine Parts Manufacturing ,Aerospace Product and Parts Manufacturing,2022 NAICS
Other Aircraft Parts and Auxiliary Equipment Manufacturing ,Aerospace Product and Parts Manufacturing,2022 NAICS
Guided Missile and Space Vehicle Manufacturing ,Aerospace Product and Parts Manufacturing,2022 NAICS
Guided Missile and Space Vehicle Propulsion Unit and Propulsion Unit Parts Manufacturing ,Aerospace Product and Parts Manufacturing,2022 NAICS
Other Guided Missile and Space Vehicle Parts and Auxiliary Equipment Manufacturing ,Aerospace Product and Parts Manufacturing,2022 NAICS
Railroad Rolling Stock Manufacturing,Railroad Rolling Stock Manufacturing,2022 NAICS
Ship Building and Repairing ,Ship and Boat Building,2022 NAICS
Boat Building ,Ship and Boat Building,2022 NAICS
"Motorcycle, Bicycle, and Parts Manufacturing ",Other Transportation Equipment Manufacturing,2022 NAICS
"Military Armored Vehicle, Tank, and Tank Component Manufacturing ",Other Transportation Equipment Manufacturing,2022 NAICS
All Other Transportation Equipment Manufacturing ,Other Transportation Equipment Manufacturing,2022 NAICS
Wood Kitchen Cabinet and Countertop Manufacturing,Wood Kitchen Cabinet and Countertop Manufacturing,2022 NAICS
Upholstered Household Furniture Manufacturing ,Household and Institutional Furniture Manufacturing,2022 NAICS
Nonupholstered Wood Household Furniture Manufacturing ,Household and Institutional Furniture Manufacturing,2022 NAICS
Household Furniture (except Wood and Upholstered) Manufacturing ,Household and Institutional Furniture Manufacturing,2022 NAICS
Institutional Furniture Manufacturing ,Household and Institutional Furniture Manufacturing,2022 NAICS
Wood Office Furniture Manufacturing ,Office Furniture (including Fixtures) Manufacturing,2022 NAICS
Custom Architectural Woodwork and Millwork Manufacturing ,Office Furniture (including Fixtures) Manufacturing,2022 NAICS
Office Furniture (except Wood) Manufacturing ,Office Furniture (including Fixtures) Manufacturing,2022 NAICS
"Showcase, Partition, Shelving, and Locker Manufacturing ",Office Furniture (including Fixtures) Manufacturing,2022 NAICS
Mattress Manufacturing,Mattress Manufacturing,2022 NAICS
Blind and Shade Manufacturing,Blind and Shade Manufacturing,2022 NAICS
Surgical and Medical Instrument Manufacturing ,Medical Equipment and Supplies Manufacturing,2022 NAICS
Surgical Appliance and Supplies Manufacturing ,Medical Equipment and Supplies Manufacturing,2022 NAICS
Dental Equipment and Supplies Manufacturing ,Medical Equipment and Supplies Manufacturing,2022 NAICS
Ophthalmic Goods Manufacturing ,Medical Equipment and Supplies Manufacturing,2022 NAICS
Dental Laboratories ,Medical Equipment and Supplies Manufacturing,2022 NAICS
Jewelry and Silverware Manufacturing ,Jewelry and Silverware Manufacturing,2022 NAICS
Sporting and Athletic Goods Manufacturing,Sporting and Athletic Goods Manufacturing,2022 NAICS
"Doll, Toy, and Game Manufacturing","Doll, Toy, and Game Manufacturing",2022 NAICS
Office Supplies (except Paper) Manufacturing,Office Supplies (except Paper) Manufacturing,2022 NAICS
Sign Manufacturing,Sign Manufacturing,2022 NAICS
"Gasket, Packing, and Sealing Device Manufacturing ",All Other Miscellaneous Manufacturing,2022 NAICS
Musical Instrument Manufacturing ,All Other Miscellaneous Manufacturing,2022 NAICS
"Fastener, Button, Needle, and Pin Manufacturing ",All Other Miscellaneous Manufacturing,2022 NAICS
"Broom, Brush, and Mop Manufacturing ",All Other Miscellaneous Manufacturing,2022 NAICS
Burial Casket Manufacturing ,All Other Miscellaneous Manufacturing,2022 NAICS
All Other Miscellaneous Manufacturing ,All Other Miscellaneous Manufacturing,2022 NAICS
Automobile and Other Motor Vehicle Merchant Wholesalers ,Automobile and Other Motor Vehicle Merchant Wholesalers ,2022 NAICS
Motor Vehicle Supplies and New Parts Merchant Wholesalers ,Motor Vehicle Supplies and New Parts Merchant Wholesalers ,2022 NAICS
Tire and Tube Merchant Wholesalers ,Tire and Tube Merchant Wholesalers ,2022 NAICS
Motor Vehicle Parts (Used) Merchant Wholesalers ,Motor Vehicle Parts (Used) Merchant Wholesalers ,2022 NAICS
Furniture Merchant Wholesalers ,Furniture Merchant Wholesalers ,2022 NAICS
Home Furnishing Merchant Wholesalers ,Home Furnishing Merchant Wholesalers ,2022 NAICS
"Lumber, Plywood, Millwork, and Wood Panel Merchant Wholesalers ","Lumber, Plywood, Millwork, and Wood Panel Merchant Wholesalers ",2022 NAICS
"Brick, Stone, and Related Construction Material Merchant Wholesalers ","Brick, Stone, and Related Construction Material Merchant Wholesalers ",2022 NAICS
"Roofing, Siding, and Insulation Material Merchant Wholesalers ","Roofing, Siding, and Insulation Material Merchant Wholesalers ",2022 NAICS
Other Construction Material Merchant Wholesalers ,Other Construction Material Merchant Wholesalers ,2022 NAICS
Photographic Equipment and Supplies Merchant Wholesalers ,Photographic Equipment and Supplies Merchant Wholesalers ,2022 NAICS
Office Equipment Merchant Wholesalers ,Office Equipment Merchant Wholesalers ,2022 NAICS
Computer and Computer Peripheral Equipment and Software Merchant Wholesalers ,Computer and Computer Peripheral Equipment and Software Merchant Wholesalers ,2022 NAICS
Other Commercial Equipment Merchant Wholesalers ,Other Commercial Equipment Merchant Wholesalers ,2022 NAICS
"Medical, Dental, and Hospital Equipment and Supplies Merchant Wholesalers ","Medical, Dental, and Hospital Equipment and Supplies Merchant Wholesalers ",2022 NAICS
Ophthalmic Goods Merchant Wholesalers ,Ophthalmic Goods Merchant Wholesalers ,2022 NAICS
Other Professional Equipment and Supplies Merchant Wholesalers ,Other Professional Equipment and Supplies Merchant Wholesalers ,2022 NAICS
Metal Service Centers and Other Metal Merchant Wholesalers ,Metal Service Centers and Other Metal Merchant Wholesalers ,2022 NAICS
Coal and Other Mineral and Ore Merchant Wholesalers ,Coal and Other Mineral and Ore Merchant Wholesalers ,2022 NAICS
"Electrical Apparatus and Equipment, Wiring Supplies, and Related Equipment Merchant Wholesalers ","Electrical Apparatus and Equipment, Wiring Supplies, and Related Equipment Merchant Wholesalers ",2022 NAICS
"Household Appliances, Electric Housewares, and Consumer Electronics Merchant Wholesalers ","Household Appliances, Electric Housewares, and Consumer Electronics Merchant Wholesalers ",2022 NAICS
Other Electronic Parts and Equipment Merchant Wholesalers ,Other Electronic Parts and Equipment Merchant Wholesalers ,2022 NAICS
Hardware Merchant Wholesalers ,Hardware Merchant Wholesalers ,2022 NAICS
Plumbing and Heating Equipment and Supplies (Hydronics) Merchant Wholesalers ,Plumbing and Heating Equipment and Supplies (Hydronics) Merchant Wholesalers ,2022 NAICS
Warm Air Heating and Air-Conditioning Equipment and Supplies Merchant Wholesalers ,Warm Air Heating and Air-Conditioning Equipment and Supplies Merchant Wholesalers ,2022 NAICS
Refrigeration Equipment and Supplies Merchant Wholesalers ,Refrigeration Equipment and Supplies Merchant Wholesalers ,2022 NAICS
Construction and Mining (except Oil Well) Machinery and Equipment Merchant Wholesalers ,Construction and Mining (except Oil Well) Machinery and Equipment Merchant Wholesalers ,2022 NAICS
Farm and Garden Machinery and Equipment Merchant Wholesalers ,Farm and Garden Machinery and Equipment Merchant Wholesalers ,2022 NAICS
Industrial Machinery and Equipment Merchant Wholesalers ,Industrial Machinery and Equipment Merchant Wholesalers ,2022 NAICS
Industrial Supplies Merchant Wholesalers,Industrial Supplies Merchant Wholesalers ,2022 NAICS
Service Establishment Equipment and Supplies Merchant Wholesalers ,Service Establishment Equipment and Supplies Merchant Wholesalers ,2022 NAICS
Transportation Equipment and Supplies (except Motor Vehicle) Merchant Wholesalers ,Transportation Equipment and Supplies (except Motor Vehicle) Merchant Wholesalers ,2022 NAICS
Sporting and Recreational Goods and Supplies Merchant Wholesalers ,Sporting and Recreational Goods and Supplies Merchant Wholesalers,2022 NAICS
Toy and Hobby Goods and Supplies Merchant Wholesalers ,Toy and Hobby Goods and Supplies Merchant Wholesalers ,2022 NAICS
Recyclable Material Merchant Wholesalers ,Recyclable Material Merchant Wholesalers ,2022 NAICS
"Jewelry, Watch, Precious Stone, and Precious Metal Merchant Wholesalers ","Jewelry, Watch, Precious Stone, and Precious Metal Merchant Wholesalers ",2022 NAICS
Other Miscellaneous Durable Goods Merchant Wholesalers ,Other Miscellaneous Durable Goods Merchant Wholesalers ,2022 NAICS
Printing and Writing Paper Merchant Wholesalers ,Printing and Writing Paper Merchant Wholesalers ,2022 NAICS
Stationery and Office Supplies Merchant Wholesalers ,Stationery and Office Supplies Merchant Wholesalers ,2022 NAICS
Industrial and Personal Service Paper Merchant Wholesalers ,Industrial and Personal Service Paper Merchant Wholesalers ,2022 NAICS
Drugs and Druggists' Sundries Merchant Wholesalers ,Drugs and Druggists' Sundries Merchant Wholesalers ,2022 NAICS
"Piece Goods, Notions, and Other Dry Goods Merchant Wholesalers ","Piece Goods, Notions, and Other Dry Goods Merchant Wholesalers ",2022 NAICS
Footwear Merchant Wholesalers ,Footwear Merchant Wholesalers ,2022 NAICS
Clothing and Clothing Accessories Merchant Wholesalers,Clothing and Clothing Accessories Merchant Wholesalers,2022 NAICS
General Line Grocery Merchant Wholesalers ,General Line Grocery Merchant Wholesalers ,2022 NAICS
Packaged Frozen Food Merchant Wholesalers ,Packaged Frozen Food Merchant Wholesalers ,2022 NAICS
Dairy Product (except Dried or Canned) Merchant Wholesalers ,Dairy Product (except Dried or Canned) Merchant Wholesalers ,2022 NAICS
Poultry and Poultry Product Merchant Wholesalers ,Poultry and Poultry Product Merchant Wholesalers ,2022 NAICS
Confectionery Merchant Wholesalers ,Confectionery Merchant Wholesalers ,2022 NAICS
Fish and Seafood Merchant Wholesalers ,Fish and Seafood Merchant Wholesalers ,2022 NAICS
Meat and Meat Product Merchant Wholesalers ,Meat and Meat Product Merchant Wholesalers ,2022 NAICS
Fresh Fruit and Vegetable Merchant Wholesalers ,Fresh Fruit and Vegetable Merchant Wholesalers ,2022 NAICS
Other Grocery and Related Products Merchant Wholesalers ,Other Grocery and Related Products Merchant Wholesalers ,2022 NAICS
Grain and Field Bean Merchant Wholesalers ,Grain and Field Bean Merchant Wholesalers ,2022 NAICS
Livestock Merchant Wholesalers ,Livestock Merchant Wholesalers ,2022 NAICS
Other Farm Product Raw Material Merchant Wholesalers ,Other Farm Product Raw Material Merchant Wholesalers ,2022 NAICS
Plastics Materials and Basic Forms and Shapes Merchant Wholesalers ,Plastics Materials and Basic Forms and Shapes Merchant Wholesalers ,2022 NAICS
Other Chemical and Allied Products Merchant Wholesalers ,Other Chemical and Allied Products Merchant Wholesalers ,2022 NAICS
Petroleum Bulk Stations and Terminals ,Petroleum Bulk Stations and Terminals ,2022 NAICS
Petroleum and Petroleum Products Merchant Wholesalers (except Bulk Stations and Terminals) ,Petroleum and Petroleum Products Merchant Wholesalers (except Bulk Stations and Terminals) ,2022 NAICS
Beer and Ale Merchant Wholesalers ,Beer and Ale Merchant Wholesalers ,2022 NAICS
Wine and Distilled Alcoholic Beverage Merchant Wholesalers ,Wine and Distilled Alcoholic Beverage Merchant Wholesalers ,2022 NAICS
Farm Supplies Merchant Wholesalers ,Farm Supplies Merchant Wholesalers ,2022 NAICS
"Book, Periodical, and Newspaper Merchant Wholesalers ","Book, Periodical, and Newspaper Merchant Wholesalers ",2022 NAICS
"Flower, Nursery Stock, and Florists' Supplies Merchant Wholesalers ","Flower, Nursery Stock, and Florists' Supplies Merchant Wholesalers ",2022 NAICS
Tobacco Product and Electronic Cigarette Merchant Wholesalers ,Tobacco Product and Electronic Cigarette Merchant Wholesalers ,2022 NAICS
"Paint, Varnish, and Supplies Merchant Wholesalers ","Paint, Varnish, and Supplies Merchant Wholesalers ",2022 NAICS
Other Miscellaneous Nondurable Goods Merchant Wholesalers ,Other Miscellaneous Nondurable Goods Merchant Wholesalers ,2022 NAICS
Wholesale Trade Agents and Brokers ,Wholesale Trade Agents and Brokers ,2022 NAICS
New Car Dealers ,New Car Dealers ,2022 NAICS
Used Car Dealers ,Used Car Dealers ,2022 NAICS
Recreational Vehicle Dealers ,Recreational Vehicle Dealers ,2022 NAICS
Boat Dealers ,"Motorcycle, Boat, and Other Motor Vehicle Dealers ",2022 NAICS
"Motorcycle, ATV, and All Other Motor Vehicle Dealers ","Motorcycle, Boat, and Other Motor Vehicle Dealers ",2022 NAICS
Automotive Parts and Accessories Retailers ,Automotive Parts and Accessories Retailers ,2022 NAICS
Tire Dealers ,Tire Dealers ,2022 NAICS
Home Centers ,Home Centers ,2022 NAICS
Paint and Wallpaper Retailers ,Paint and Wallpaper Retailers ,2022 NAICS
Hardware Retailers ,Hardware Retailers ,2022 NAICS
Other Building Material Dealers ,Other Building Material Dealers ,2022 NAICS
Outdoor Power Equipment Retailers ,Outdoor Power Equipment Retailers ,2022 NAICS
"Nursery, Garden Center, and Farm Supply Retailers ","Nursery, Garden Center, and Farm Supply Retailers ",2022 NAICS
Supermarkets and Other Grocery Retailers (except Convenience Retailers) ,Supermarkets and Other Grocery Retailers (except Convenience Retailers) ,2022 NAICS
Convenience Retailers ,Convenience Retailers and Vending Machine Operators ,2022 NAICS
Vending Machine Operators ,Convenience Retailers and Vending Machine Operators ,2022 NAICS
Fruit and Vegetable Retailers ,Fruit and Vegetable Retailers ,2022 NAICS
Meat Retailers ,Meat Retailers ,2022 NAICS
Fish and Seafood Retailers ,Fish and Seafood Retailers ,2022 NAICS
Baked Goods Retailers ,Other Specialty Food Retailers ,2022 NAICS
Confectionery and Nut Retailers ,Other Specialty Food Retailers ,2022 NAICS
All Other Specialty Food Retailers ,Other Specialty Food Retailers ,2022 NAICS
"Beer, Wine, and Liquor Retailers ","Beer, Wine, and Liquor Retailers ",2022 NAICS
Furniture Retailers ,Furniture Retailers ,2022 NAICS
Floor Covering Retailers ,Home Furnishings Retailers ,2022 NAICS
Window Treatment Retailers ,Home Furnishings Retailers ,2022 NAICS
All Other Home Furnishings Retailers ,Home Furnishings Retailers ,2022 NAICS
Electronics and Appliance Retailers ,Electronics and Appliance Retailers ,2022 NAICS
Department Stores ,Department Stores ,2022 NAICS
Warehouse Clubs and Supercenters ,"Warehouse Clubs, Supercenters, and Other General Merchandise Retailers ",2022 NAICS
All Other General Merchandise Retailers ,"Warehouse Clubs, Supercenters, and Other General Merchandise Retailers ",2022 NAICS
Pharmacies and Drug Retailers ,Pharmacies and Drug Retailers ,2022 NAICS
"Cosmetics, Beauty Supplies, and Perfume Retailers ","Cosmetics, Beauty Supplies, and Perfume Retailers ",2022 NAICS
Optical Goods Retailers ,Optical Goods Retailers ,2022 NAICS
Food (Health) Supplement Retailers ,Other Health and Personal Care Retailers ,2022 NAICS
All Other Health and Personal Care Retailers ,Other Health and Personal Care Retailers ,2022 NAICS
Gasoline Stations with Convenience Stores ,Gasoline Stations with Convenience Stores ,2022 NAICS
Other Gasoline Stations ,Other Gasoline Stations ,2022 NAICS
Fuel Dealers ,Fuel Dealers,2022 NAICS
Clothing and Clothing Accessories Retailers ,Clothing and Clothing Accessories Retailers ,2022 NAICS
Shoe Retailers ,Shoe Retailers ,2022 NAICS
Jewelry Retailers ,Jewelry Retailers ,2022 NAICS
Luggage and Leather Goods Retailers ,Luggage and Leather Goods Retailers ,2022 NAICS
Sporting Goods Retailers ,Sporting Goods Retailers ,2022 NAICS
"Hobby, Toy, and Game Retailers ","Hobby, Toy, and Game Retailers ",2022 NAICS
"Sewing, Needlework, and Piece Goods Retailers ","Sewing, Needlework, and Piece Goods Retailers ",2022 NAICS
Musical Instrument and Supplies Retailers ,Musical Instrument and Supplies Retailers ,2022 NAICS
Book Retailers and News Dealers ,Book Retailers and News Dealers ,2022 NAICS
Florists ,Florists ,2022 NAICS
Office Supplies and Stationery Retailers ,Office Supplies and Stationery Retailers ,2022 NAICS
"Gift, Novelty, and Souvenir Retailers ","Gift, Novelty, and Souvenir Retailers ",2022 NAICS
Used Merchandise Retailers ,Used Merchandise Retailers ,2022 NAICS
Pet and Pet Supplies Retailers ,Pet and Pet Supplies Retailers ,2022 NAICS
Art Dealers ,Art Dealers ,2022 NAICS
Manufactured (Mobile) Home Dealers ,Manufactured (Mobile) Home Dealers ,2022 NAICS
"Tobacco, Electronic Cigarette, and Other Smoking Supplies Retailers ",All Other Miscellaneous Retailers ,2022 NAICS
All Other Miscellaneous Retailers ,All Other Miscellaneous Retailers ,2022 NAICS
Scheduled Passenger Air Transportation ,Scheduled Air Transportation,2022 NAICS
Scheduled Freight Air Transportation ,Scheduled Air Transportation,2022 NAICS
Nonscheduled Chartered Passenger Air Transportation ,Nonscheduled Air Transportation,2022 NAICS
Nonscheduled Chartered Freight Air Transportation ,Nonscheduled Air Transportation,2022 NAICS
Other Nonscheduled Air Transportation ,Nonscheduled Air Transportation,2022 NAICS
Line-Haul Railroads ,Rail Transportation,2022 NAICS
Short Line Railroads ,Rail Transportation,2022 NAICS
Deep Sea Freight Transportation ,"Deep Sea, Coastal, and Great Lakes Water Transportation",2022 NAICS
Deep Sea Passenger Transportation ,"Deep Sea, Coastal, and Great Lakes Water Transportation",2022 NAICS
Coastal and Great Lakes Freight Transportation ,"Deep Sea, Coastal, and Great Lakes Water Transportation",2022 NAICS
Coastal and Great Lakes Passenger Transportation ,"Deep Sea, Coastal, and Great Lakes Water Transportation",2022 NAICS
Inland Water Freight Transportation ,Inland Water Transportation,2022 NAICS
Inland Water Passenger Transportation ,Inland Water Transportation,2022 NAICS
"General Freight Trucking, Local ","General Freight Trucking, Local",2022 NAICS
"General Freight Trucking, Long-Distance, Truckload ","General Freight Trucking, Long-Distance",2022 NAICS
"General Freight Trucking, Long-Distance, Less Than Truckload ","General Freight Trucking, Long-Distance",2022 NAICS
Used Household and Office Goods Moving,Used Household and Office Goods Moving,2022 NAICS
"Specialized Freight (except Used Goods) Trucking, Local ","Specialized Freight (except Used Goods) Trucking, Local",2022 NAICS
"Specialized Freight (except Used Goods) Trucking, Long-Distance ","Specialized Freight (except Used Goods) Trucking, Long-Distance",2022 NAICS
Mixed Mode Transit Systems ,Urban Transit Systems,2022 NAICS
Commuter Rail Systems ,Urban Transit Systems,2022 NAICS
Bus and Other Motor Vehicle Transit Systems ,Urban Transit Systems,2022 NAICS
Other Urban Transit Systems ,Urban Transit Systems,2022 NAICS
Interurban and Rural Bus Transportation,Interurban and Rural Bus Transportation,2022 NAICS
Taxi and Ridesharing Services ,Taxi and Ridesharing Services,2022 NAICS
Limousine Service,Limousine Service,2022 NAICS
School and Employee Bus Transportation,School and Employee Bus Transportation,2022 NAICS
Charter Bus Industry,Charter Bus Industry,2022 NAICS
Special Needs Transportation ,Other Transit and Ground Passenger Transportation,2022 NAICS
All Other Transit and Ground Passenger Transportation ,Other Transit and Ground Passenger Transportation,2022 NAICS
Pipeline Transportation of Crude Oil,Pipeline Transportation of Crude Oil,2022 NAICS
Pipeline Transportation of Natural Gas,Pipeline Transportation of Natural Gas,2022 NAICS
Pipeline Transportation of Refined Petroleum Products,Pipeline Transportation of Refined Petroleum Products,2022 NAICS
All Other Pipeline Transportation,All Other Pipeline Transportation,2022 NAICS
"Scenic and Sightseeing Transportation, Land","Scenic and Sightseeing Transportation, Land",2022 NAICS
"Scenic and Sightseeing Transportation, Water","Scenic and Sightseeing Transportation, Water",2022 NAICS
"Scenic and Sightseeing Transportation, Other","Scenic and Sightseeing Transportation, Other",2022 NAICS
Air Traffic Control,Airport Operations,2022 NAICS
Other Airport Operations ,Airport Operations,2022 NAICS
Other Support Activities for Air Transportation,Other Support Activities for Air Transportation,2022 NAICS
Support Activities for Rail Transportation,Support Activities for Rail Transportation,2022 NAICS
Port and Harbor Operations,Port and Harbor Operations,2022 NAICS
Marine Cargo Handling,Marine Cargo Handling,2022 NAICS
Navigational Services to Shipping ,Navigational Services to Shipping,2022 NAICS
Other Support Activities for Water Transportation,Other Support Activities for Water Transportation,2022 NAICS
Motor Vehicle Towing,Motor Vehicle Towing,2022 NAICS
Other Support Activities for Road Transportation ,Other Support Activities for Road Transportation,2022 NAICS
Freight Transportation Arrangement ,Freight Transportation Arrangement,2022 NAICS
Packing and Crating ,Other Support Activities for Transportation,2022 NAICS
All Other Support Activities for Transportation ,Other Support Activities for Transportation,2022 NAICS
Postal Service,Postal Service,2022 NAICS
Couriers and Express Delivery Services,Couriers and Express Delivery Services,2022 NAICS
Local Messengers and Local Delivery,Local Messengers and Local Delivery,2022 NAICS
General Warehousing and Storage ,General Warehousing and Storage,2022 NAICS
Refrigerated Warehousing and Storage,Refrigerated Warehousing and Storage,2022 NAICS
Farm Product Warehousing and Storage,Farm Product Warehousing and Storage,2022 NAICS
Other Warehousing and Storage,Other Warehousing and Storage,2022 NAICS
Motion Picture and Video Production ,Motion Picture and Video Production,2022 NAICS
Motion Picture and Video Distribution,Motion Picture and Video Distribution,2022 NAICS
Motion Picture Theaters (except Drive-Ins) ,Motion Picture and Video Exhibition,2022 NAICS
Drive-In Motion Picture Theaters ,Motion Picture and Video Exhibition,2022 NAICS
Teleproduction and Other Postproduction Services ,Postproduction Services and Other Motion Picture and Video Industries,2022 NAICS
Other Motion Picture and Video Industries ,Postproduction Services and Other Motion Picture and Video Industries,2022 NAICS
Music Publishers,Music Publishers,2022 NAICS
Sound Recording Studios,Sound Recording Studios,2022 NAICS
Record Production and Distribution,Record Production and Distribution,2022 NAICS
Other Sound Recording Industries,Other Sound Recording Industries,2022 NAICS
Newspaper Publishers ,Newspaper Publishers,2022 NAICS
Periodical Publishers ,Periodical Publishers,2022 NAICS
Book Publishers ,Book Publishers,2022 NAICS
Directory and Mailing List Publishers ,Directory and Mailing List Publishers,2022 NAICS
Greeting Card Publishers ,Other Publishers,2022 NAICS
All Other Publishers ,Other Publishers,2022 NAICS
Software Publishers,Software Publishers,2022 NAICS
Radio Broadcasting Stations ,Radio Broadcasting Stations,2022 NAICS
Television Broadcasting Stations,Television Broadcasting Stations,2022 NAICS
"Media Streaming Distribution Services, Social Networks, and Other Media Networks and Content Providers","Media Streaming Distribution Services, Social Networks, and Other Media Networks and Content Providers",2022 NAICS
Wired Telecommunications Carriers ,Wired and Wireless Telecommunications Carriers (except Satellite),2022 NAICS
Wireless Telecommunications Carriers (except Satellite),Wired and Wireless Telecommunications Carriers (except Satellite),2022 NAICS
Telecommunications Resellers,Telecommunications Resellers and Agents for Wireless Telecommunication Services,2022 NAICS
Agents for Wireless Telecommunications Services,Telecommunications Resellers and Agents for Wireless Telecommunication Services,2022 NAICS
Satellite Telecommunications,Satellite Telecommunications,2022 NAICS
All Other Telecommunications ,All Other Telecommunications,2022 NAICS
"Computing Infrastructure Providers, Data Processing, Web Hosting, and Related Services","Computing Infrastructure Providers, Data Processing, Web Hosting, and Related Services",2022 NAICS
Libraries and Archives ,Libraries and Archives,2022 NAICS
Web Search Portals and All Other Information Services,Web Search Portals and All Other Information Services,2022 NAICS
Monetary Authorities-Central Bank,Monetary Authorities-Central Bank,2022 NAICS
Commercial Banking ,Commercial Banking ,2022 NAICS
Credit Unions ,Credit Unions ,2022 NAICS
Savings Institutions and Other Depository Credit Intermediation ,Savings Institutions and Other Depository Credit Intermediation ,2022 NAICS
Credit Card Issuing ,Credit Card Issuing ,2022 NAICS
Sales Financing ,Sales Financing ,2022 NAICS
Consumer Lending ,Other Nondepository Credit Intermediation ,2022 NAICS
Real Estate Credit ,Other Nondepository Credit Intermediation ,2022 NAICS
"International, Secondary Market, and All Other Nondepository Credit Intermediation ",Other Nondepository Credit Intermediation ,2022 NAICS
Mortgage and Nonmortgage Loan Brokers ,Mortgage and Nonmortgage Loan Brokers ,2022 NAICS
"Financial Transactions Processing, Reserve, and Clearinghouse Activities ","Financial Transactions Processing, Reserve, and Clearinghouse Activities ",2022 NAICS
Other Activities Related to Credit Intermediation ,Other Activities Related to Credit Intermediation ,2022 NAICS
Investment Banking and Securities Intermediation ,Investment Banking and Securities Intermediation ,2022 NAICS
Commodity Contracts Intermediation ,Commodity Contracts Intermediation ,2022 NAICS
Securities and Commodity Exchanges,Securities and Commodity Exchanges,2022 NAICS
Miscellaneous Intermediation ,Miscellaneous Intermediation ,2022 NAICS
Portfolio Management and Investment Advice ,Portfolio Management and Investment Advice ,2022 NAICS
"Trust, Fiduciary, and Custody Activities ",All Other Financial Investment Activities ,2022 NAICS
Miscellaneous Financial Investment Activities ,All Other Financial Investment Activities ,2022 NAICS
Direct Life Insurance Carriers ,"Direct Life, Health, and Medical Insurance Carriers ",2022 NAICS
Direct Health and Medical Insurance Carriers ,"Direct Life, Health, and Medical Insurance Carriers ",2022 NAICS
Direct Property and Casualty Insurance Carriers ,"Direct Insurance (except Life, Health, and Medical) Carriers ",2022 NAICS
Direct Title Insurance Carriers ,"Direct Insurance (except Life, Health, and Medical) Carriers ",2022 NAICS
"Other Direct Insurance (except Life, Health, and Medical) Carriers ","Direct Insurance (except Life, Health, and Medical) Carriers ",2022 NAICS
Reinsurance Carriers ,Reinsurance Carriers ,2022 NAICS
Insurance Agencies and Brokerages ,Insurance Agencies and Brokerages ,2022 NAICS
Claims Adjusting ,Other Insurance Related Activities ,2022 NAICS
Pharmacy Benefit Management and Other Third Party Administration of Insurance and Pension Funds ,Other Insurance Related Activities ,2022 NAICS
All Other Insurance Related Activities ,Other Insurance Related Activities ,2022 NAICS
Pension Funds ,Pension Funds ,2022 NAICS
Health and Welfare Funds ,Health and Welfare Funds ,2022 NAICS
Other Insurance Funds ,Other Insurance Funds ,2022 NAICS
Open-End Investment Funds ,Open-End Investment Funds ,2022 NAICS
"Trusts, Estates, and Agency Accounts ","Trusts, Estates, and Agency Accounts ",2022 NAICS
Other Financial Vehicles ,Other Financial Vehicles ,2022 NAICS
Lessors of Residential Buildings and Dwellings ,Lessors of Residential Buildings and Dwellings ,2022 NAICS
Lessors of Nonresidential Buildings (except Miniwarehouses) ,Lessors of Nonresidential Buildings (except Miniwarehouses) ,2022 NAICS
Lessors of Miniwarehouses and Self-Storage Units ,Lessors of Miniwarehouses and Self-Storage Units ,2022 NAICS
Lessors of Other Real Estate Property ,Lessors of Other Real Estate Property ,2022 NAICS
Offices of Real Estate Agents and Brokers,Offices of Real Estate Agents and Brokers,2022 NAICS
Residential Property Managers ,Real Estate Property Managers ,2022 NAICS
Nonresidential Property Managers ,Real Estate Property Managers ,2022 NAICS
Offices of Real Estate Appraisers ,Offices of Real Estate Appraisers ,2022 NAICS
Other Activities Related to Real Estate ,Other Activities Related to Real Estate ,2022 NAICS
Passenger Car Rental ,Passenger Car Rental and Leasing,2022 NAICS
Passenger Car Leasing ,Passenger Car Rental and Leasing,2022 NAICS
"Truck, Utility Trailer, and RV (Recreational Vehicle) Rental and Leasing ","Truck, Utility Trailer, and RV (Recreational Vehicle) Rental and Leasing",2022 NAICS
Consumer Electronics and Appliances Rental,Consumer Electronics and Appliances Rental,2022 NAICS
Formal Wear and Costume Rental,Other Consumer Goods Rental ,2022 NAICS
Video Tape and Disc Rental,Other Consumer Goods Rental ,2022 NAICS
Home Health Equipment Rental ,Other Consumer Goods Rental ,2022 NAICS
Recreational Goods Rental ,Other Consumer Goods Rental ,2022 NAICS
All Other Consumer Goods Rental ,Other Consumer Goods Rental ,2022 NAICS
General Rental Centers,General Rental Centers,2022 NAICS
"Commercial Air, Rail, and Water Transportation Equipment Rental and Leasing ","Construction, Transportation, Mining, and Forestry Machinery and Equipment Rental and Leasing",2022 NAICS
"Construction, Mining, and Forestry Machinery and Equipment Rental and Leasing ","Construction, Transportation, Mining, and Forestry Machinery and Equipment Rental and Leasing",2022 NAICS
Office Machinery and Equipment Rental and Leasing,Office Machinery and Equipment Rental and Leasing,2022 NAICS
Other Commercial and Industrial Machinery and Equipment Rental and Leasing ,Other Commercial and Industrial Machinery and Equipment Rental and Leasing,2022 NAICS
Lessors of Nonfinancial Intangible Assets (except Copyrighted Works),Lessors of Nonfinancial Intangible Assets (except Copyrighted Works),2022 NAICS
Offices of Lawyers,Offices of Lawyers,2022 NAICS
Offices of Notaries,Offices of Notaries,2022 NAICS
Title Abstract and Settlement Offices ,Other Legal Services,2022 NAICS
All Other Legal Services ,Other Legal Services,2022 NAICS
Offices of Certified Public Accountants ,"Accounting, Tax Preparation, Bookkeeping, and Payroll Services",2022 NAICS
Tax Preparation Services ,"Accounting, Tax Preparation, Bookkeeping, and Payroll Services",2022 NAICS
Payroll Services ,"Accounting, Tax Preparation, Bookkeeping, and Payroll Services",2022 NAICS
Other Accounting Services ,"Accounting, Tax Preparation, Bookkeeping, and Payroll Services",2022 NAICS
Architectural Services,Architectural Services,2022 NAICS
Landscape Architectural Services,Landscape Architectural Services,2022 NAICS
Engineering Services,Engineering Services,2022 NAICS
Drafting Services,Drafting Services,2022 NAICS
Building Inspection Services,Building Inspection Services,2022 NAICS
Geophysical Surveying and Mapping Services,Geophysical Surveying and Mapping Services,2022 NAICS
Surveying and Mapping (except Geophysical) Services,Surveying and Mapping (except Geophysical) Services,2022 NAICS
Testing Laboratories and Services,Testing Laboratories and Services,2022 NAICS
Interior Design Services,Interior Design Services,2022 NAICS
Industrial Design Services,Industrial Design Services,2022 NAICS
Graphic Design Services,Graphic Design Services,2022 NAICS
Other Specialized Design Services,Other Specialized Design Services,2022 NAICS
Custom Computer Programming Services ,Computer Systems Design and Related Services,2022 NAICS
Computer Systems Design Services ,Computer Systems Design and Related Services,2022 NAICS
Computer Facilities Management Services ,Computer Systems Design and Related Services,2022 NAICS
Other Computer Related Services,Computer Systems Design and Related Services,2022 NAICS
Administrative Management and General Management Consulting Services ,Management Consulting Services,2022 NAICS
Human Resources Consulting Services ,Management Consulting Services,2022 NAICS
Marketing Consulting Services ,Management Consulting Services,2022 NAICS
"Process, Physical Distribution, and Logistics Consulting Services ",Management Consulting Services,2022 NAICS
Other Management Consulting Services ,Management Consulting Services,2022 NAICS
Environmental Consulting Services,Environmental Consulting Services,2022 NAICS
Other Scientific and Technical Consulting Services,Other Scientific and Technical Consulting Services,2022 NAICS
Research and Development in Nanotechnology ,"Research and Development in the Physical, Engineering, and Life Sciences",2022 NAICS
Research and Development in Biotechnology (except Nanobiotechnology),"Research and Development in the Physical, Engineering, and Life Sciences",2022 NAICS
"Research and Development in the Physical, Engineering, and Life Sciences (except Nanotechnology and Biotechnology) ","Research and Development in the Physical, Engineering, and Life Sciences",2022 NAICS
Research and Development in the Social Sciences and Humanities ,Research and Development in the Social Sciences and Humanities,2022 NAICS
Advertising Agencies,Advertising Agencies,2022 NAICS
Public Relations Agencies,Public Relations Agencies,2022 NAICS
Media Buying Agencies,Media Buying Agencies,2022 NAICS
Media Representatives,Media Representatives,2022 NAICS
Indoor and Outdoor Display Advertising,Indoor and Outdoor Display Advertising,2022 NAICS
Direct Mail Advertising,Direct Mail Advertising,2022 NAICS
Advertising Material Distribution Services,Advertising Material Distribution Services,2022 NAICS
Other Services Related to Advertising ,Other Services Related to Advertising,2022 NAICS
Marketing Research and Public Opinion Polling,Marketing Research and Public Opinion Polling,2022 NAICS
"Photography Studios, Portrait ",Photographic Services,2022 NAICS
Commercial Photography ,Photographic Services,2022 NAICS
Translation and Interpretation Services,Translation and Interpretation Services,2022 NAICS
Veterinary Services ,Veterinary Services,2022 NAICS
"All Other Professional, Scientific, and Technical Services","All Other Professional, Scientific, and Technical Services",2022 NAICS
Offices of Bank Holding Companies ,Management of Companies and Enterprises,2022 NAICS
Offices of Other Holding Companies ,Management of Companies and Enterprises,2022 NAICS
"Corporate, Subsidiary, and Regional Managing Offices ",Management of Companies and Enterprises,2022 NAICS
Office Administrative Services,Office Administrative Services,2022 NAICS
Facilities Support Services,Facilities Support Services,2022 NAICS
Employment Placement Agencies ,Employment Placement Agencies and Executive Search Services,2022 NAICS
Executive Search Services ,Employment Placement Agencies and Executive Search Services,2022 NAICS
Temporary Help Services,Temporary Help Services,2022 NAICS
Professional Employer Organizations,Professional Employer Organizations,2022 NAICS
Document Preparation Services,Document Preparation Services,2022 NAICS
Telephone Answering Services ,Telephone Call Centers,2022 NAICS
Telemarketing Bureaus and Other Contact Centers ,Telephone Call Centers,2022 NAICS
Private Mail Centers ,Business Service Centers,2022 NAICS
Other Business Service Centers (including Copy Shops) ,Business Service Centers,2022 NAICS
Collection Agencies,Collection Agencies,2022 NAICS
Credit Bureaus,Credit Bureaus,2022 NAICS
Repossession Services ,Other Business Support Services,2022 NAICS
Court Reporting and Stenotype Services ,Other Business Support Services,2022 NAICS
All Other Business Support Services ,Other Business Support Services,2022 NAICS
Travel Agencies,Travel Agencies,2022 NAICS
Tour Operators,Tour Operators,2022 NAICS
Convention and Visitors Bureaus ,Other Travel Arrangement and Reservation Services,2022 NAICS
All Other Travel Arrangement and Reservation Services ,Other Travel Arrangement and Reservation Services,2022 NAICS
Investigation and Personal Background Check Services ,"Investigation, Guard, and Armored Car Services",2022 NAICS
Security Guards and Patrol Services ,"Investigation, Guard, and Armored Car Services",2022 NAICS
Armored Car Services ,"Investigation, Guard, and Armored Car Services",2022 NAICS
Security Systems Services (except Locksmiths) ,Security Systems Services,2022 NAICS
Locksmiths ,Security Systems Services,2022 NAICS
Exterminating and Pest Control Services,Exterminating and Pest Control Services,2022 NAICS
Janitorial Services ,Janitorial Services,2022 NAICS
Landscaping Services,Landscaping Services,2022 NAICS
Carpet and Upholstery Cleaning Services,Carpet and Upholstery Cleaning Services,2022 NAICS
Other Services to Buildings and Dwellings ,Other Services to Buildings and Dwellings,2022 NAICS
Packaging and Labeling Services,Packaging and Labeling Services,2022 NAICS
Convention and Trade Show Organizers,Convention and Trade Show Organizers,2022 NAICS
All Other Support Services,All Other Support Services,2022 NAICS
Solid Waste Collection ,Waste Collection ,2022 NAICS
Hazardous Waste Collection ,Waste Collection ,2022 NAICS
Other Waste Collection ,Waste Collection ,2022 NAICS
Hazardous Waste Treatment and Disposal ,Waste Treatment and Disposal ,2022 NAICS
Solid Waste Landfill ,Waste Treatment and Disposal ,2022 NAICS
Solid Waste Combustors and Incinerators ,Waste Treatment and Disposal ,2022 NAICS
Other Nonhazardous Waste Treatment and Disposal ,Waste Treatment and Disposal ,2022 NAICS
Remediation Services ,Remediation Services ,2022 NAICS
Materials Recovery Facilities ,Materials Recovery Facilities ,2022 NAICS
Septic Tank and Related Services ,All Other Waste Management Services ,2022 NAICS
All Other Miscellaneous Waste Management Services ,All Other Waste Management Services ,2022 NAICS
Elementary and Secondary Schools ,Elementary and Secondary Schools ,2022 NAICS
Junior Colleges ,Junior Colleges,2022 NAICS
"Colleges, Universities, and Professional Schools ","Colleges, Universities, and Professional Schools",2022 NAICS
Business and Secretarial Schools ,Business and Secretarial Schools,2022 NAICS
Computer Training ,Computer Training,2022 NAICS
Professional and Management Development Training ,Professional and Management Development Training,2022 NAICS
Cosmetology and Barber Schools ,Technical and Trade Schools,2022 NAICS
Flight Training ,Technical and Trade Schools,2022 NAICS
Apprenticeship Training ,Technical and Trade Schools,2022 NAICS
Other Technical and Trade Schools ,Technical and Trade Schools,2022 NAICS
Fine Arts Schools ,Fine Arts Schools,2022 NAICS
Sports and Recreation Instruction ,Sports and Recreation Instruction,2022 NAICS
Language Schools ,Language Schools,2022 NAICS
Exam Preparation and Tutoring ,All Other Schools and Instruction,2022 NAICS
Automobile Driving Schools ,All Other Schools and Instruction,2022 NAICS
All Other Miscellaneous Schools and Instruction ,All Other Schools and Instruction,2022 NAICS
Educational Support Services,Educational Support Services,2022 NAICS
Offices of Physicians (except Mental Health Specialists) ,Offices of Physicians,2022 NAICS
"Offices of Physicians, Mental Health Specialists ",Offices of Physicians,2022 NAICS
Offices of Dentists ,Offices of Dentists,2022 NAICS
Offices of Chiropractors ,Offices of Chiropractors,2022 NAICS
Offices of Optometrists,Offices of Optometrists,2022 NAICS
Offices of Mental Health Practitioners (except Physicians) ,Offices of Mental Health Practitioners (except Physicians),2022 NAICS
"Offices of Physical, Occupational and Speech Therapists, and Audiologists ","Offices of Physical, Occupational and Speech Therapists, and Audiologists",2022 NAICS
Offices of Podiatrists ,Offices of All Other Health Practitioners,2022 NAICS
Offices of All Other Miscellaneous Health Practitioners ,Offices of All Other Health Practitioners,2022 NAICS
Family Planning Centers ,Family Planning Centers,2022 NAICS
Outpatient Mental Health and Substance Abuse Centers ,Outpatient Mental Health and Substance Abuse Centers,2022 NAICS
HMO Medical Centers ,Other Outpatient Care Centers,2022 NAICS
Kidney Dialysis Centers ,Other Outpatient Care Centers,2022 NAICS
Freestanding Ambulatory Surgical and Emergency Centers ,Other Outpatient Care Centers,2022 NAICS
All Other Outpatient Care Centers ,Other Outpatient Care Centers,2022 NAICS
Medical Laboratories ,Medical and Diagnostic Laboratories,2022 NAICS
Diagnostic Imaging Centers ,Medical and Diagnostic Laboratories,2022 NAICS
Home Health Care Services,Home Health Care Services,2022 NAICS
Ambulance Services ,Ambulance Services,2022 NAICS
Blood and Organ Banks ,All Other Ambulatory Health Care Services,2022 NAICS
All Other Miscellaneous Ambulatory Health Care Services ,All Other Ambulatory Health Care Services,2022 NAICS
General Medical and Surgical Hospitals ,General Medical and Surgical Hospitals,2022 NAICS
Psychiatric and Substance Abuse Hospitals ,Psychiatric and Substance Abuse Hospitals,2022 NAICS
Specialty (except Psychiatric and Substance Abuse) Hospitals ,Specialty (except Psychiatric and Substance Abuse) Hospitals,2022 NAICS
Nursing Care Facilities (Skilled Nursing Facilities) ,Nursing Care Facilities (Skilled Nursing Facilities),2022 NAICS
Residential Intellectual and Developmental Disability Facilities ,Residential Intellectual and Developmental Disability Facilities,2022 NAICS
Residential Mental Health and Substance Abuse Facilities ,Residential Mental Health and Substance Abuse Facilities,2022 NAICS
Continuing Care Retirement Communities ,Continuing Care Retirement Communities and Assisted Living Facilities for the Elderly,2022 NAICS
Assisted Living Facilities for the Elderly ,Continuing Care Retirement Communities and Assisted Living Facilities for the Elderly,2022 NAICS
Other Residential Care Facilities ,Other Residential Care Facilities,2022 NAICS
Child and Youth Services ,Child and Youth Services,2022 NAICS
Services for the Elderly and Persons with Disabilities ,Services for the Elderly and Persons with Disabilities,2022 NAICS
Other Individual and Family Services ,Other Individual and Family Services,2022 NAICS
Community Food Services ,Community Food Services,2022 NAICS
Temporary Shelters ,Community Housing Services,2022 NAICS
Other Community Housing Services ,Community Housing Services,2022 NAICS
Emergency and Other Relief Services ,Emergency and Other Relief Services,2022 NAICS
Vocational Rehabilitation Services ,Vocational Rehabilitation Services,2022 NAICS
Child Care Services ,Child Care Services,2022 NAICS
Theater Companies and Dinner Theaters ,Theater Companies and Dinner Theaters,2022 NAICS
Dance Companies ,Dance Companies,2022 NAICS
Musical Groups and Artists ,Musical Groups and Artists,2022 NAICS
Other Performing Arts Companies ,Other Performing Arts Companies,2022 NAICS
Sports Teams and Clubs ,Spectator Sports,2022 NAICS
Racetracks ,Spectator Sports,2022 NAICS
Other Spectator Sports ,Spectator Sports,2022 NAICS
"Promoters of Performing Arts, Sports, and Similar Events with Facilities ","Promoters of Performing Arts, Sports, and Similar Events with Facilities",2022 NAICS
"Promoters of Performing Arts, Sports, and Similar Events without Facilities ","Promoters of Performing Arts, Sports, and Similar Events without Facilities",2022 NAICS
"Agents and Managers for Artists, Athletes, Entertainers, and Other Public Figures","Agents and Managers for Artists, Athletes, Entertainers, and Other Public Figures",2022 NAICS
"Independent Artists, Writers, and Performers ","Independent Artists, Writers, and Performers",2022 NAICS
Museums ,Museums,2022 NAICS
Historical Sites,Historical Sites,2022 NAICS
Zoos and Botanical Gardens ,Zoos and Botanical Gardens,2022 NAICS
Nature Parks and Other Similar Institutions,Nature Parks and Other Similar Institutions,2022 NAICS
Amusement and Theme Parks ,Amusement and Theme Parks,2022 NAICS
Amusement Arcades,Amusement Arcades,2022 NAICS
Casinos (except Casino Hotels),Casinos (except Casino Hotels),2022 NAICS
Other Gambling Industries ,Other Gambling Industries,2022 NAICS
Golf Courses and Country Clubs,Golf Courses and Country Clubs,2022 NAICS
Skiing Facilities,Skiing Facilities,2022 NAICS
Marinas,Marinas,2022 NAICS
Fitness and Recreational Sports Centers ,Fitness and Recreational Sports Centers,2022 NAICS
Bowling Centers,Bowling Centers,2022 NAICS
All Other Amusement and Recreation Industries ,All Other Amusement and Recreation Industries,2022 NAICS
Hotels (except Casino Hotels) and Motels ,Hotels (except Casino Hotels) and Motels,2022 NAICS
Casino Hotels,Casino Hotels,2022 NAICS
Bed-and-Breakfast Inns ,Other Traveler Accommodation,2022 NAICS
All Other Traveler Accommodation ,Other Traveler Accommodation,2022 NAICS
RV (Recreational Vehicle) Parks and Campgrounds ,RV (Recreational Vehicle) Parks and Recreational Camps,2022 NAICS
Recreational and Vacation Camps (except Campgrounds) ,RV (Recreational Vehicle) Parks and Recreational Camps,2022 NAICS
"Rooming and Boarding Houses, Dormitories, and Workers' Camps ","Rooming and Boarding Houses, Dormitories, and Workers' Camps",2022 NAICS
Food Service Contractors,Food Service Contractors,2022 NAICS
Caterers,Caterers,2022 NAICS
Mobile Food Services,Mobile Food Services,2022 NAICS
Drinking Places (Alcoholic Beverages) ,Drinking Places (Alcoholic Beverages),2022 NAICS
Full-Service Restaurants ,Restaurants and Other Eating Places,2022 NAICS
Limited-Service Restaurants ,Restaurants and Other Eating Places,2022 NAICS
"Cafeterias, Grill Buffets, and Buffets ",Restaurants and Other Eating Places,2022 NAICS
Snack and Nonalcoholic Beverage Bars ,Restaurants and Other Eating Places,2022 NAICS
General Automotive Repair ,Automotive Mechanical and Electrical Repair and Maintenance,2022 NAICS
Specialized Automotive Repair ,Automotive Mechanical and Electrical Repair and Maintenance,2022 NAICS
"Automotive Body, Paint, and Interior Repair and Maintenance ","Automotive Body, Paint, Interior, and Glass Repair",2022 NAICS
Automotive Glass Replacement Shops ,"Automotive Body, Paint, Interior, and Glass Repair",2022 NAICS
Automotive Oil Change and Lubrication Shops ,Other Automotive Repair and Maintenance,2022 NAICS
Car Washes ,Other Automotive Repair and Maintenance,2022 NAICS
All Other Automotive Repair and Maintenance ,Other Automotive Repair and Maintenance,2022 NAICS
Electronic and Precision Equipment Repair and Maintenance ,Electronic and Precision Equipment Repair and Maintenance,2022 NAICS
Commercial and Industrial Machinery and Equipment (except Automotive and Electronic) Repair and Maintenance ,Commercial and Industrial Machinery and Equipment (except Automotive and Electronic) Repair and Maintenance,2022 NAICS
Home and Garden Equipment Repair and Maintenance ,Home and Garden Equipment and Appliance Repair and Maintenance,2022 NAICS
Appliance Repair and Maintenance ,Home and Garden Equipment and Appliance Repair and Maintenance,2022 NAICS
Reupholstery and Furniture Repair,Reupholstery and Furniture Repair,2022 NAICS
Footwear and Leather Goods Repair,Footwear and Leather Goods Repair,2022 NAICS
Other Personal and Household Goods Repair and Maintenance ,Other Personal and Household Goods Repair and Maintenance,2022 NAICS
Barber Shops ,"Hair, Nail, and Skin Care Services ",2022 NAICS
Beauty Salons ,"Hair, Nail, and Skin Care Services ",2022 NAICS
Nail Salons ,"Hair, Nail, and Skin Care Services ",2022 NAICS
Diet and Weight Reducing Centers ,Other Personal Care Services ,2022 NAICS
Other Personal Care Services ,Other Personal Care Services ,2022 NAICS
Funeral Homes and Funeral Services ,Funeral Homes and Funeral Services ,2022 NAICS
Cemeteries and Crematories ,Cemeteries and Crematories ,2022 NAICS
Coin-Operated Laundries and Drycleaners ,Coin-Operated Laundries and Drycleaners ,2022 NAICS
Drycleaning and Laundry Services (except Coin-Operated) ,Drycleaning and Laundry Services (except Coin-Operated) ,2022 NAICS
Linen Supply ,Linen and Uniform Supply ,2022 NAICS
Industrial Launderers ,Linen and Uniform Supply ,2022 NAICS
Pet Care (except Veterinary) Services ,Pet Care (except Veterinary) Services ,2022 NAICS
Photofinishing Laboratories (except One-Hour) ,Photofinishing ,2022 NAICS
One-Hour Photofinishing ,Photofinishing ,2022 NAICS
Parking Lots and Garages ,Parking Lots and Garages ,2022 NAICS
All Other Personal Services ,All Other Personal Services ,2022 NAICS
Religious Organizations ,Religious Organizations ,2022 NAICS
Grantmaking Foundations ,Grantmaking and Giving Services ,2022 NAICS
Voluntary Health Organizations ,Grantmaking and Giving Services ,2022 NAICS
Other Grantmaking and Giving Services ,Grantmaking and Giving Services ,2022 NAICS
Human Rights Organizations ,Social Advocacy Organizations ,2022 NAICS
"Environment, Conservation and Wildlife Organizations ",Social Advocacy Organizations ,2022 NAICS
Other Social Advocacy Organizations ,Social Advocacy Organizations ,2022 NAICS
Civic and Social Organizations ,Civic and Social Organizations ,2022 NAICS
Business Associations ,Business Associations ,2022 NAICS
Professional Organizations ,Professional Organizations ,2022 NAICS
Labor Unions and Similar Labor Organizations ,Labor Unions and Similar Labor Organizations ,2022 NAICS
Political Organizations ,Political Organizations ,2022 NAICS
"Other Similar Organizations (except Business, Professional, Labor, and Political Organizations) ","Other Similar Organizations (except Business, Professional, Labor, and Political Organizations) ",2022 NAICS
Private Households,Private Households,2022 NAICS
Executive Offices ,Executive Offices ,2022 NAICS
Legislative Bodies ,Legislative Bodies ,2022 NAICS
Public Finance Activities ,Public Finance Activities ,2022 NAICS
"Executive and Legislative Offices, Combined ","Executive and Legislative Offices, Combined ",2022 NAICS
American Indian and Alaska Native Tribal Governments ,American Indian and Alaska Native Tribal Governments ,2022 NAICS
Other General Government Support ,Other General Government Support ,2022 NAICS
Courts ,Courts ,2022 NAICS
Police Protection ,Police Protection ,2022 NAICS
Legal Counsel and Prosecution ,Legal Counsel and Prosecution ,2022 NAICS
Correctional Institutions ,Correctional Institutions ,2022 NAICS
Parole Offices and Probation Offices ,Parole Offices and Probation Offices ,2022 NAICS
Fire Protection ,Fire Protection ,2022 NAICS
"Other Justice, Public Order, and Safety Activities ","Other Justice, Public Order, and Safety Activities ",2022 NAICS
Administration of Education Programs ,Administration of Education Programs ,2022 NAICS
Administration of Public Health Programs ,Administration of Public Health Programs ,2022 NAICS
"Administration of Human Resource Programs (except Education, Public Health, and Veterans' Affairs Programs) ","Administration of Human Resource Programs (except Education, Public Health, and Veterans' Affairs Programs) ",2022 NAICS
Administration of Veterans' Affairs ,Administration of Veterans' Affairs ,2022 NAICS
Administration of Air and Water Resource and Solid Waste Management Programs ,Administration of Air and Water Resource and Solid Waste Management Programs ,2022 NAICS
Administration of Conservation Programs ,Administration of Conservation Programs ,2022 NAICS
Administration of Housing Programs ,Administration of Housing Programs ,2022 NAICS
Administration of Urban Planning and Community and Rural Development ,Administration of Urban Planning and Community and Rural Development ,2022 NAICS
Administration of General Economic Programs ,Administration of General Economic Programs ,2022 NAICS
Regulation and Administration of Transportation Programs ,Regulation and Administration of Transportation Programs ,2022 NAICS
"Regulation and Administration of Communications, Electric, Gas, and Other Utilities ","Regulation and Administration of Communications, Electric, Gas, and Other Utilities ",2022 NAICS
Regulation of Agricultural Marketing and Commodities ,Regulation of Agricultural Marketing and Commodities ,2022 NAICS
"Regulation, Licensing, and Inspection of Miscellaneous Commercial Sectors ","Regulation, Licensing, and Inspection of Miscellaneous Commercial Sectors ",2022 NAICS
Space Research and Technology ,Space Research and Technology ,2022 NAICS
National Security ,National Security ,2022 NAICS
International Affairs ,International Affairs ,2022 NAICS
