code,fk_name,parent,concept_name,source,standard_semantic_hierarchy
11-1011,Chief Executives,None,Detailed Occupation SOC Code,2018 SOC,No
11-1021,General and Operations Managers,None,Detailed Occupation SOC Code,2018 SOC,No
11-1031,Legislators,None,Detailed Occupation SOC Code,2018 SOC,No
11-2011,Advertising and Promotions Managers,None,Detailed Occupation SOC Code,2018 SOC,No
11-2021,Marketing Managers,None,Detailed Occupation SOC Code,2018 SOC,No
11-2022,Sales Managers,None,Detailed Occupation SOC Code,2018 SOC,No
11-2032,Public Relations Managers,None,Detailed Occupation SOC Code,2018 SOC,No
11-2033,Fundraising Managers,None,Detailed Occupation SOC Code,2018 SOC,No
11-3012,Administrative Services Managers,None,Detailed Occupation SOC Code,2018 SOC,No
11-3013,Facilities Managers,None,Detailed Occupation SOC Code,2018 SOC,No
11-3021,Computer and Information Systems Managers,None,Detailed Occupation SOC Code,2018 SOC,No
11-3031,Financial Managers,None,Detailed Occupation SOC Code,2018 SOC,No
11-3051,Industrial Production Managers,None,Detailed Occupation SOC Code,2018 SOC,No
11-3061,Purchasing Managers,None,Detailed Occupation SOC Code,2018 SOC,No
11-3071,"Transportation, Storage, and Distribution Managers",None,Detailed Occupation SOC Code,2018 SOC,No
11-3111,Compensation and Benefits Managers,None,Detailed Occupation SOC Code,2018 SOC,No
11-3121,Human Resources Managers,None,Detailed Occupation SOC Code,2018 SOC,No
11-3131,Training and Development Managers,None,Detailed Occupation SOC Code,2018 SOC,No
11-9013,"Farmers, Ranchers, and Other Agricultural Managers",None,Detailed Occupation SOC Code,2018 SOC,No
11-9021,Construction Managers,None,Detailed Occupation SOC Code,2018 SOC,No
11-9031,"Education and Childcare Administrators, Preschool and Daycare",None,Detailed Occupation SOC Code,2018 SOC,No
11-9032,"Education Administrators, Kindergarten through Secondary",None,Detailed Occupation SOC Code,2018 SOC,No
11-9033,"Education Administrators, Postsecondary",None,Detailed Occupation SOC Code,2018 SOC,No
11-9039,"Education Administrators, All Other",None,Detailed Occupation SOC Code,2018 SOC,No
11-9041,Architectural and Engineering Managers,None,Detailed Occupation SOC Code,2018 SOC,No
11-9051,Food Service Managers,None,Detailed Occupation SOC Code,2018 SOC,No
11-9071,Gambling Managers,None,Detailed Occupation SOC Code,2018 SOC,No
11-9072,"Entertainment and Recreation Managers, Except Gambling",None,Detailed Occupation SOC Code,2018 SOC,No
11-9081,Lodging Managers,None,Detailed Occupation SOC Code,2018 SOC,No
11-9111,Medical and Health Services Managers,None,Detailed Occupation SOC Code,2018 SOC,No
11-9121,Natural Sciences Managers,None,Detailed Occupation SOC Code,2018 SOC,No
11-9131,Postmasters and Mail Superintendents,None,Detailed Occupation SOC Code,2018 SOC,No
11-9141,"Property, Real Estate, and Community Association Managers",None,Detailed Occupation SOC Code,2018 SOC,No
11-9151,Social and Community Service Managers,None,Detailed Occupation SOC Code,2018 SOC,No
11-9161,Emergency Management Directors,None,Detailed Occupation SOC Code,2018 SOC,No
11-9171,Funeral Home Managers,None,Detailed Occupation SOC Code,2018 SOC,No
11-9179,"Personal Service Managers, All Other",None,Detailed Occupation SOC Code,2018 SOC,No
11-9199,"Managers, All Other",None,Detailed Occupation SOC Code,2018 SOC,No
13-1011,"Agents and Business Managers of Artists, Performers, and Athletes",None,Detailed Occupation SOC Code,2018 SOC,No
13-1021,"Buyers and Purchasing Agents, Farm Products",None,Detailed Occupation SOC Code,2018 SOC,No
13-1022,"Wholesale and Retail Buyers, Except Farm Products",None,Detailed Occupation SOC Code,2018 SOC,No
13-1023,"Purchasing Agents, Except Wholesale, Retail, and Farm Products",None,Detailed Occupation SOC Code,2018 SOC,No
13-1031,"Claims Adjusters, Examiners, and Investigators",None,Detailed Occupation SOC Code,2018 SOC,No
13-1032,"Insurance Appraisers, Auto Damage",None,Detailed Occupation SOC Code,2018 SOC,No
13-1041,Compliance Officers,None,Detailed Occupation SOC Code,2018 SOC,No
13-1051,Cost Estimators,None,Detailed Occupation SOC Code,2018 SOC,No
13-1071,Human Resources Specialists,None,Detailed Occupation SOC Code,2018 SOC,No
13-1074,Farm Labor Contractors,None,Detailed Occupation SOC Code,2018 SOC,No
13-1075,Labor Relations Specialists,None,Detailed Occupation SOC Code,2018 SOC,No
13-1081,Logisticians,None,Detailed Occupation SOC Code,2018 SOC,No
13-1082,Project Management Specialists,None,Detailed Occupation SOC Code,2018 SOC,No
13-1111,Management Analysts,None,Detailed Occupation SOC Code,2018 SOC,No
13-1121,"Meeting, Convention, and Event Planners",None,Detailed Occupation SOC Code,2018 SOC,No
13-1131,Fundraisers,None,Detailed Occupation SOC Code,2018 SOC,No
13-1141,"Compensation, Benefits, and Job Analysis Specialists",None,Detailed Occupation SOC Code,2018 SOC,No
13-1151,Training and Development Specialists,None,Detailed Occupation SOC Code,2018 SOC,No
13-1161,Market Research Analysts and Marketing Specialists,None,Detailed Occupation SOC Code,2018 SOC,No
13-1199,"Business Operations Specialists, All Other",None,Detailed Occupation SOC Code,2018 SOC,No
13-2011,Accountants and Auditors,None,Detailed Occupation SOC Code,2018 SOC,No
13-2022,Appraisers of Personal and Business Property,None,Detailed Occupation SOC Code,2018 SOC,No
13-2023,Appraisers and Assessors of Real Estate,None,Detailed Occupation SOC Code,2018 SOC,No
13-2031,Budget Analysts,None,Detailed Occupation SOC Code,2018 SOC,No
13-2041,Credit Analysts,None,Detailed Occupation SOC Code,2018 SOC,No
13-2051,Financial and Investment Analysts,None,Detailed Occupation SOC Code,2018 SOC,No
13-2052,Personal Financial Advisors,None,Detailed Occupation SOC Code,2018 SOC,No
13-2053,Insurance Underwriters,None,Detailed Occupation SOC Code,2018 SOC,No
13-2054,Financial Risk Specialists,None,Detailed Occupation SOC Code,2018 SOC,No
13-2061,Financial Examiners,None,Detailed Occupation SOC Code,2018 SOC,No
13-2071,Credit Counselors,None,Detailed Occupation SOC Code,2018 SOC,No
13-2072,Loan Officers,None,Detailed Occupation SOC Code,2018 SOC,No
13-2081,"Tax Examiners and Collectors, and Revenue Agents",None,Detailed Occupation SOC Code,2018 SOC,No
13-2082,Tax Preparers,None,Detailed Occupation SOC Code,2018 SOC,No
13-2099,"Financial Specialists, All Other",None,Detailed Occupation SOC Code,2018 SOC,No
15-1211,Computer Systems Analysts,None,Detailed Occupation SOC Code,2018 SOC,No
15-1212,Information Security Analysts,None,Detailed Occupation SOC Code,2018 SOC,No
15-1221,Computer and Information Research Scientists,None,Detailed Occupation SOC Code,2018 SOC,No
15-1231,Computer Network Support Specialists,None,Detailed Occupation SOC Code,2018 SOC,No
15-1232,Computer User Support Specialists,None,Detailed Occupation SOC Code,2018 SOC,No
15-1241,Computer Network Architects,None,Detailed Occupation SOC Code,2018 SOC,No
15-1242,Database Administrators,None,Detailed Occupation SOC Code,2018 SOC,No
15-1243,Database Architects,None,Detailed Occupation SOC Code,2018 SOC,No
15-1244,Network and Computer Systems Administrators,None,Detailed Occupation SOC Code,2018 SOC,No
15-1251,Computer Programmers,None,Detailed Occupation SOC Code,2018 SOC,No
15-1252,Software Developers,None,Detailed Occupation SOC Code,2018 SOC,No
15-1253,Software Quality Assurance Analysts and Testers,None,Detailed Occupation SOC Code,2018 SOC,No
15-1254,Web Developers,None,Detailed Occupation SOC Code,2018 SOC,No
15-1255,Web and Digital Interface Designers,None,Detailed Occupation SOC Code,2018 SOC,No
15-1299,"Computer Occupations, All Other",None,Detailed Occupation SOC Code,2018 SOC,No
15-2011,Actuaries,None,Detailed Occupation SOC Code,2018 SOC,No
15-2021,Mathematicians,None,Detailed Occupation SOC Code,2018 SOC,No
15-2031,Operations Research Analysts,None,Detailed Occupation SOC Code,2018 SOC,No
15-2041,Statisticians,None,Detailed Occupation SOC Code,2018 SOC,No
15-2051,Data Scientists,None,Detailed Occupation SOC Code,2018 SOC,No
15-2099,"Mathematical Science Occupations, All Other",None,Detailed Occupation SOC Code,2018 SOC,No
17-1011,"Architects, Except Landscape and Naval",None,Detailed Occupation SOC Code,2018 SOC,No
17-1012,Landscape Architects,None,Detailed Occupation SOC Code,2018 SOC,No
17-1021,Cartographers and Photogrammetrists,None,Detailed Occupation SOC Code,2018 SOC,No
17-1022,Surveyors,None,Detailed Occupation SOC Code,2018 SOC,No
17-2011,Aerospace Engineers,None,Detailed Occupation SOC Code,2018 SOC,No
17-2021,Agricultural Engineers,None,Detailed Occupation SOC Code,2018 SOC,No
17-2031,Bioengineers and Biomedical Engineers,None,Detailed Occupation SOC Code,2018 SOC,No
17-2041,Chemical Engineers,None,Detailed Occupation SOC Code,2018 SOC,No
17-2051,Civil Engineers,None,Detailed Occupation SOC Code,2018 SOC,No
17-2061,Computer Hardware Engineers,None,Detailed Occupation SOC Code,2018 SOC,No
17-2071,Electrical Engineers,None,Detailed Occupation SOC Code,2018 SOC,No
17-2072,"Electronics Engineers, Except Computer",None,Detailed Occupation SOC Code,2018 SOC,No
17-2081,Environmental Engineers,None,Detailed Occupation SOC Code,2018 SOC,No
17-2111,"Health and Safety Engineers, Except Mining Safety Engineers and Inspectors",None,Detailed Occupation SOC Code,2018 SOC,No
17-2112,Industrial Engineers,None,Detailed Occupation SOC Code,2018 SOC,No
17-2121,Marine Engineers and Naval Architects,None,Detailed Occupation SOC Code,2018 SOC,No
17-2131,Materials Engineers,None,Detailed Occupation SOC Code,2018 SOC,No
17-2141,Mechanical Engineers,None,Detailed Occupation SOC Code,2018 SOC,No
17-2151,"Mining and Geological Engineers, Including Mining Safety Engineers",None,Detailed Occupation SOC Code,2018 SOC,No
17-2161,Nuclear Engineers,None,Detailed Occupation SOC Code,2018 SOC,No
17-2171,Petroleum Engineers,None,Detailed Occupation SOC Code,2018 SOC,No
17-2199,"Engineers, All Other",None,Detailed Occupation SOC Code,2018 SOC,No
17-3011,Architectural and Civil Drafters,None,Detailed Occupation SOC Code,2018 SOC,No
17-3012,Electrical and Electronics Drafters,None,Detailed Occupation SOC Code,2018 SOC,No
17-3013,Mechanical Drafters,None,Detailed Occupation SOC Code,2018 SOC,No
17-3019,"Drafters, All Other",None,Detailed Occupation SOC Code,2018 SOC,No
17-3021,Aerospace Engineering and Operations Technologists and Technicians,None,Detailed Occupation SOC Code,2018 SOC,No
17-3022,Civil Engineering Technologists and Technicians,None,Detailed Occupation SOC Code,2018 SOC,No
17-3023,Electrical and Electronic Engineering Technologists and Technicians,None,Detailed Occupation SOC Code,2018 SOC,No
17-3024,Electro-Mechanical and Mechatronics Technologists and Technicians,None,Detailed Occupation SOC Code,2018 SOC,No
17-3025,Environmental Engineering Technologists and Technicians,None,Detailed Occupation SOC Code,2018 SOC,No
17-3026,Industrial Engineering Technologists and Technicians,None,Detailed Occupation SOC Code,2018 SOC,No
17-3027,Mechanical Engineering Technologists and Technicians,None,Detailed Occupation SOC Code,2018 SOC,No
17-3028,Calibration Technologists and Technicians,None,Detailed Occupation SOC Code,2018 SOC,No
17-3029,"Engineering Technologists and Technicians, Except Drafters, All Other",None,Detailed Occupation SOC Code,2018 SOC,No
17-3031,Surveying and Mapping Technicians,None,Detailed Occupation SOC Code,2018 SOC,No
19-1011,Animal Scientists,None,Detailed Occupation SOC Code,2018 SOC,No
19-1012,Food Scientists and Technologists,None,Detailed Occupation SOC Code,2018 SOC,No
19-1013,Soil and Plant Scientists,None,Detailed Occupation SOC Code,2018 SOC,No
19-1021,Biochemists and Biophysicists,None,Detailed Occupation SOC Code,2018 SOC,No
19-1022,Microbiologists,None,Detailed Occupation SOC Code,2018 SOC,No
19-1023,Zoologists and Wildlife Biologists,None,Detailed Occupation SOC Code,2018 SOC,No
19-1029,"Biological Scientists, All Other",None,Detailed Occupation SOC Code,2018 SOC,No
19-1031,Conservation Scientists,None,Detailed Occupation SOC Code,2018 SOC,No
19-1032,Foresters,None,Detailed Occupation SOC Code,2018 SOC,No
19-1041,Epidemiologists,None,Detailed Occupation SOC Code,2018 SOC,No
19-1042,"Medical Scientists, Except Epidemiologists",None,Detailed Occupation SOC Code,2018 SOC,No
19-1099,"Life Scientists, All Other",None,Detailed Occupation SOC Code,2018 SOC,No
19-2011,Astronomers,None,Detailed Occupation SOC Code,2018 SOC,No
19-2012,Physicists,None,Detailed Occupation SOC Code,2018 SOC,No
19-2021,Atmospheric and Space Scientists,None,Detailed Occupation SOC Code,2018 SOC,No
19-2031,Chemists,None,Detailed Occupation SOC Code,2018 SOC,No
19-2032,Materials Scientists,None,Detailed Occupation SOC Code,2018 SOC,No
19-2041,"Environmental Scientists and Specialists, Including Health",None,Detailed Occupation SOC Code,2018 SOC,No
19-2042,"Geoscientists, Except Hydrologists and Geographers",None,Detailed Occupation SOC Code,2018 SOC,No
19-2043,Hydrologists,None,Detailed Occupation SOC Code,2018 SOC,No
19-2099,"Physical Scientists, All Other",None,Detailed Occupation SOC Code,2018 SOC,No
19-3011,Economists,None,Detailed Occupation SOC Code,2018 SOC,No
19-3022,Survey Researchers,None,Detailed Occupation SOC Code,2018 SOC,No
19-3032,Industrial-Organizational Psychologists,None,Detailed Occupation SOC Code,2018 SOC,No
19-3033,Clinical and Counseling Psychologists,None,Detailed Occupation SOC Code,2018 SOC,No
19-3034,School Psychologists,None,Detailed Occupation SOC Code,2018 SOC,No
19-3039,"Psychologists, All Other",None,Detailed Occupation SOC Code,2018 SOC,No
19-3041,Sociologists,None,Detailed Occupation SOC Code,2018 SOC,No
19-3051,Urban and Regional Planners,None,Detailed Occupation SOC Code,2018 SOC,No
19-3091,Anthropologists and Archeologists,None,Detailed Occupation SOC Code,2018 SOC,No
19-3092,Geographers,None,Detailed Occupation SOC Code,2018 SOC,No
19-3093,Historians,None,Detailed Occupation SOC Code,2018 SOC,No
19-3094,Political Scientists,None,Detailed Occupation SOC Code,2018 SOC,No
19-3099,"Social Scientists and Related Workers, All Other",None,Detailed Occupation SOC Code,2018 SOC,No
19-4012,Agricultural Technicians,None,Detailed Occupation SOC Code,2018 SOC,No
19-4013,Food Science Technicians,None,Detailed Occupation SOC Code,2018 SOC,No
19-4021,Biological Technicians,None,Detailed Occupation SOC Code,2018 SOC,No
19-4031,Chemical Technicians,None,Detailed Occupation SOC Code,2018 SOC,No
19-4042,"Environmental Science and Protection Technicians, Including Health",None,Detailed Occupation SOC Code,2018 SOC,No
19-4043,"Geological Technicians, Except Hydrologic Technicians",None,Detailed Occupation SOC Code,2018 SOC,No
19-4044,Hydrologic Technicians,None,Detailed Occupation SOC Code,2018 SOC,No
19-4051,Nuclear Technicians,None,Detailed Occupation SOC Code,2018 SOC,No
19-4061,Social Science Research Assistants,None,Detailed Occupation SOC Code,2018 SOC,No
19-4071,Forest and Conservation Technicians,None,Detailed Occupation SOC Code,2018 SOC,No
19-4092,Forensic Science Technicians,None,Detailed Occupation SOC Code,2018 SOC,No
19-4099,"Life, Physical, and Social Science Technicians, All Other",None,Detailed Occupation SOC Code,2018 SOC,No
19-5011,Occupational Health and Safety Specialists,None,Detailed Occupation SOC Code,2018 SOC,No
19-5012,Occupational Health and Safety Technicians,None,Detailed Occupation SOC Code,2018 SOC,No
21-1011,Substance Abuse and Behavioral Disorder Counselors,None,Detailed Occupation SOC Code,2018 SOC,No
21-1012,"Educational, Guidance, and Career Counselors and Advisors",None,Detailed Occupation SOC Code,2018 SOC,No
21-1013,Marriage and Family Therapists,None,Detailed Occupation SOC Code,2018 SOC,No
21-1014,Mental Health Counselors,None,Detailed Occupation SOC Code,2018 SOC,No
21-1015,Rehabilitation Counselors,None,Detailed Occupation SOC Code,2018 SOC,No
21-1019,"Counselors, All Other",None,Detailed Occupation SOC Code,2018 SOC,No
21-1021,"Child, Family, and School Social Workers",None,Detailed Occupation SOC Code,2018 SOC,No
21-1022,Healthcare Social Workers,None,Detailed Occupation SOC Code,2018 SOC,No
21-1023,Mental Health and Substance Abuse Social Workers,None,Detailed Occupation SOC Code,2018 SOC,No
21-1029,"Social Workers, All Other",None,Detailed Occupation SOC Code,2018 SOC,No
21-1091,Health Education Specialists,None,Detailed Occupation SOC Code,2018 SOC,No
21-1092,Probation Officers and Correctional Treatment Specialists,None,Detailed Occupation SOC Code,2018 SOC,No
21-1093,Social and Human Service Assistants,None,Detailed Occupation SOC Code,2018 SOC,No
21-1094,Community Health Workers,None,Detailed Occupation SOC Code,2018 SOC,No
21-1099,"Community and Social Service Specialists, All Other",None,Detailed Occupation SOC Code,2018 SOC,No
21-2011,Clergy,None,Detailed Occupation SOC Code,2018 SOC,No
21-2021,"Directors, Religious Activities and Education",None,Detailed Occupation SOC Code,2018 SOC,No
21-2099,"Religious Workers, All Other",None,Detailed Occupation SOC Code,2018 SOC,No
23-1011,Lawyers,None,Detailed Occupation SOC Code,2018 SOC,No
23-1012,Judicial Law Clerks,None,Detailed Occupation SOC Code,2018 SOC,No
23-1021,"Administrative Law Judges, Adjudicators, and Hearing Officers",None,Detailed Occupation SOC Code,2018 SOC,No
23-1022,"Arbitrators, Mediators, and Conciliators",None,Detailed Occupation SOC Code,2018 SOC,No
23-1023,"Judges, Magistrate Judges, and Magistrates",None,Detailed Occupation SOC Code,2018 SOC,No
23-2011,Paralegals and Legal Assistants,None,Detailed Occupation SOC Code,2018 SOC,No
23-2093,"Title Examiners, Abstractors, and Searchers",None,Detailed Occupation SOC Code,2018 SOC,No
23-2099,"Legal Support Workers, All Other",None,Detailed Occupation SOC Code,2018 SOC,No
25-1011,"Business Teachers, Postsecondary",None,Detailed Occupation SOC Code,2018 SOC,No
25-1021,"Computer Science Teachers, Postsecondary",None,Detailed Occupation SOC Code,2018 SOC,No
25-1022,"Mathematical Science Teachers, Postsecondary",None,Detailed Occupation SOC Code,2018 SOC,No
25-1031,"Architecture Teachers, Postsecondary",None,Detailed Occupation SOC Code,2018 SOC,No
25-1032,"Engineering Teachers, Postsecondary",None,Detailed Occupation SOC Code,2018 SOC,No
25-1041,"Agricultural Sciences Teachers, Postsecondary",None,Detailed Occupation SOC Code,2018 SOC,No
25-1042,"Biological Science Teachers, Postsecondary",None,Detailed Occupation SOC Code,2018 SOC,No
25-1043,"Forestry and Conservation Science Teachers, Postsecondary",None,Detailed Occupation SOC Code,2018 SOC,No
25-1051,"Atmospheric, Earth, Marine, and Space Sciences Teachers, Postsecondary",None,Detailed Occupation SOC Code,2018 SOC,No
25-1052,"Chemistry Teachers, Postsecondary",None,Detailed Occupation SOC Code,2018 SOC,No
25-1053,"Environmental Science Teachers, Postsecondary",None,Detailed Occupation SOC Code,2018 SOC,No
25-1054,"Physics Teachers, Postsecondary",None,Detailed Occupation SOC Code,2018 SOC,No
25-1061,"Anthropology and Archeology Teachers, Postsecondary",None,Detailed Occupation SOC Code,2018 SOC,No
25-1062,"Area, Ethnic, and Cultural Studies Teachers, Postsecondary",None,Detailed Occupation SOC Code,2018 SOC,No
25-1063,"Economics Teachers, Postsecondary",None,Detailed Occupation SOC Code,2018 SOC,No
25-1064,"Geography Teachers, Postsecondary",None,Detailed Occupation SOC Code,2018 SOC,No
25-1065,"Political Science Teachers, Postsecondary",None,Detailed Occupation SOC Code,2018 SOC,No
25-1066,"Psychology Teachers, Postsecondary",None,Detailed Occupation SOC Code,2018 SOC,No
25-1067,"Sociology Teachers, Postsecondary",None,Detailed Occupation SOC Code,2018 SOC,No
25-1069,"Social Sciences Teachers, Postsecondary, All Other",None,Detailed Occupation SOC Code,2018 SOC,No
25-1071,"Health Specialties Teachers, Postsecondary",None,Detailed Occupation SOC Code,2018 SOC,No
25-1072,"Nursing Instructors and Teachers, Postsecondary",None,Detailed Occupation SOC Code,2018 SOC,No
25-1081,"Education Teachers, Postsecondary",None,Detailed Occupation SOC Code,2018 SOC,No
25-1082,"Library Science Teachers, Postsecondary",None,Detailed Occupation SOC Code,2018 SOC,No
25-1111,"Criminal Justice and Law Enforcement Teachers, Postsecondary",None,Detailed Occupation SOC Code,2018 SOC,No
25-1112,"Law Teachers, Postsecondary",None,Detailed Occupation SOC Code,2018 SOC,No
25-1113,"Social Work Teachers, Postsecondary",None,Detailed Occupation SOC Code,2018 SOC,No
25-1121,"Art, Drama, and Music Teachers, Postsecondary",None,Detailed Occupation SOC Code,2018 SOC,No
25-1122,"Communications Teachers, Postsecondary",None,Detailed Occupation SOC Code,2018 SOC,No
25-1123,"English Language and Literature Teachers, Postsecondary",None,Detailed Occupation SOC Code,2018 SOC,No
25-1124,"Foreign Language and Literature Teachers, Postsecondary",None,Detailed Occupation SOC Code,2018 SOC,No
25-1125,"History Teachers, Postsecondary",None,Detailed Occupation SOC Code,2018 SOC,No
25-1126,"Philosophy and Religion Teachers, Postsecondary",None,Detailed Occupation SOC Code,2018 SOC,No
25-1192,"Family and Consumer Sciences Teachers, Postsecondary",None,Detailed Occupation SOC Code,2018 SOC,No
25-1193,"Recreation and Fitness Studies Teachers, Postsecondary",None,Detailed Occupation SOC Code,2018 SOC,No
25-1194,"Career/Technical Education Teachers, Postsecondary",None,Detailed Occupation SOC Code,2018 SOC,No
25-1199,"Postsecondary Teachers, All Other",None,Detailed Occupation SOC Code,2018 SOC,No
25-2011,"Preschool Teachers, Except Special Education",None,Detailed Occupation SOC Code,2018 SOC,No
25-2012,"Kindergarten Teachers, Except Special Education",None,Detailed Occupation SOC Code,2018 SOC,No
25-2021,"Elementary School Teachers, Except Special Education",None,Detailed Occupation SOC Code,2018 SOC,No
25-2022,"Middle School Teachers, Except Special and Career/Technical Education",None,Detailed Occupation SOC Code,2018 SOC,No
25-2023,"Career/Technical Education Teachers, Middle School",None,Detailed Occupation SOC Code,2018 SOC,No
25-2031,"Secondary School Teachers, Except Special and Career/Technical Education",None,Detailed Occupation SOC Code,2018 SOC,No
25-2032,"Career/Technical Education Teachers, Secondary School",None,Detailed Occupation SOC Code,2018 SOC,No
25-2051,"Special Education Teachers, Preschool",None,Detailed Occupation SOC Code,2018 SOC,No
25-2055,"Special Education Teachers, Kindergarten",None,Detailed Occupation SOC Code,2018 SOC,No
25-2056,"Special Education Teachers, Elementary School",None,Detailed Occupation SOC Code,2018 SOC,No
25-2057,"Special Education Teachers, Middle School",None,Detailed Occupation SOC Code,2018 SOC,No
25-2058,"Special Education Teachers, Secondary School",None,Detailed Occupation SOC Code,2018 SOC,No
25-2059,"Special Education Teachers, All Other",None,Detailed Occupation SOC Code,2018 SOC,No
25-3011,"Adult Basic Education, Adult Secondary Education, and English as a Second Language Instructors",None,Detailed Occupation SOC Code,2018 SOC,No
25-3021,Self-Enrichment Teachers,None,Detailed Occupation SOC Code,2018 SOC,No
25-3031,"Substitute Teachers, Short-Term",None,Detailed Occupation SOC Code,2018 SOC,No
25-3041,Tutors,None,Detailed Occupation SOC Code,2018 SOC,No
25-3099,"Teachers and Instructors, All Other",None,Detailed Occupation SOC Code,2018 SOC,No
25-4011,Archivists,None,Detailed Occupation SOC Code,2018 SOC,No
25-4012,Curators,None,Detailed Occupation SOC Code,2018 SOC,No
25-4013,Museum Technicians and Conservators,None,Detailed Occupation SOC Code,2018 SOC,No
25-4022,Librarians and Media Collections Specialists,None,Detailed Occupation SOC Code,2018 SOC,No
25-4031,Library Technicians,None,Detailed Occupation SOC Code,2018 SOC,No
25-9021,Farm and Home Management Educators,None,Detailed Occupation SOC Code,2018 SOC,No
25-9031,Instructional Coordinators,None,Detailed Occupation SOC Code,2018 SOC,No
25-9042,"Teaching Assistants, Preschool, Elementary, Middle, and Secondary School, Except Special Education",None,Detailed Occupation SOC Code,2018 SOC,No
25-9043,"Teaching Assistants, Special Education",None,Detailed Occupation SOC Code,2018 SOC,No
25-9044,"Teaching Assistants, Postsecondary",None,Detailed Occupation SOC Code,2018 SOC,No
25-9049,"Teaching Assistants, All Other",None,Detailed Occupation SOC Code,2018 SOC,No
25-9099,"Educational Instruction and Library Workers, All Other",None,Detailed Occupation SOC Code,2018 SOC,No
27-1011,Art Directors,None,Detailed Occupation SOC Code,2018 SOC,No
27-1012,Craft Artists,None,Detailed Occupation SOC Code,2018 SOC,No
27-1013,"Fine Artists, Including Painters, Sculptors, and Illustrators",None,Detailed Occupation SOC Code,2018 SOC,No
27-1014,Special Effects Artists and Animators,None,Detailed Occupation SOC Code,2018 SOC,No
27-1019,"Artists and Related Workers, All Other",None,Detailed Occupation SOC Code,2018 SOC,No
27-1021,Commercial and Industrial Designers,None,Detailed Occupation SOC Code,2018 SOC,No
27-1022,Fashion Designers,None,Detailed Occupation SOC Code,2018 SOC,No
27-1023,Floral Designers,None,Detailed Occupation SOC Code,2018 SOC,No
27-1024,Graphic Designers,None,Detailed Occupation SOC Code,2018 SOC,No
27-1025,Interior Designers,None,Detailed Occupation SOC Code,2018 SOC,No
27-1026,Merchandise Displayers and Window Trimmers,None,Detailed Occupation SOC Code,2018 SOC,No
27-1027,Set and Exhibit Designers,None,Detailed Occupation SOC Code,2018 SOC,No
27-1029,"Designers, All Other",None,Detailed Occupation SOC Code,2018 SOC,No
27-2011,Actors,None,Detailed Occupation SOC Code,2018 SOC,No
27-2012,Producers and Directors,None,Detailed Occupation SOC Code,2018 SOC,No
27-2021,Athletes and Sports Competitors,None,Detailed Occupation SOC Code,2018 SOC,No
27-2022,Coaches and Scouts,None,Detailed Occupation SOC Code,2018 SOC,No
27-2023,"Umpires, Referees, and Other Sports Officials",None,Detailed Occupation SOC Code,2018 SOC,No
27-2031,Dancers,None,Detailed Occupation SOC Code,2018 SOC,No
27-2032,Choreographers,None,Detailed Occupation SOC Code,2018 SOC,No
27-2041,Music Directors and Composers,None,Detailed Occupation SOC Code,2018 SOC,No
27-2042,Musicians and Singers,None,Detailed Occupation SOC Code,2018 SOC,No
27-2091,"Disc Jockeys, Except Radio",None,Detailed Occupation SOC Code,2018 SOC,No
27-2099,"Entertainers and Performers, Sports and Related Workers, All Other",None,Detailed Occupation SOC Code,2018 SOC,No
27-3011,Broadcast Announcers and Radio Disc Jockeys,None,Detailed Occupation SOC Code,2018 SOC,No
27-3023,"News Analysts, Reporters, and Journalists",None,Detailed Occupation SOC Code,2018 SOC,No
27-3031,Public Relations Specialists,None,Detailed Occupation SOC Code,2018 SOC,No
27-3041,Editors,None,Detailed Occupation SOC Code,2018 SOC,No
27-3042,Technical Writers,None,Detailed Occupation SOC Code,2018 SOC,No
27-3043,Writers and Authors,None,Detailed Occupation SOC Code,2018 SOC,No
27-3091,Interpreters and Translators,None,Detailed Occupation SOC Code,2018 SOC,No
27-3092,Court Reporters and Simultaneous Captioners,None,Detailed Occupation SOC Code,2018 SOC,No
27-3099,"Media and Communication Workers, All Other",None,Detailed Occupation SOC Code,2018 SOC,No
27-4011,Audio and Video Technicians,None,Detailed Occupation SOC Code,2018 SOC,No
27-4012,Broadcast Technicians,None,Detailed Occupation SOC Code,2018 SOC,No
27-4014,Sound Engineering Technicians,None,Detailed Occupation SOC Code,2018 SOC,No
27-4015,Lighting Technicians,None,Detailed Occupation SOC Code,2018 SOC,No
27-4021,Photographers,None,Detailed Occupation SOC Code,2018 SOC,No
27-4031,"Camera Operators, Television, Video, and Film",None,Detailed Occupation SOC Code,2018 SOC,No
27-4032,Film and Video Editors,None,Detailed Occupation SOC Code,2018 SOC,No
27-4099,"Media and Communication Equipment Workers, All Other",None,Detailed Occupation SOC Code,2018 SOC,No
29-1011,Chiropractors,None,Detailed Occupation SOC Code,2018 SOC,No
29-1021,"Dentists, General",None,Detailed Occupation SOC Code,2018 SOC,No
29-1022,Oral and Maxillofacial Surgeons,None,Detailed Occupation SOC Code,2018 SOC,No
29-1023,Orthodontists,None,Detailed Occupation SOC Code,2018 SOC,No
29-1024,Prosthodontists,None,Detailed Occupation SOC Code,2018 SOC,No
29-1029,"Dentists, All Other Specialists",None,Detailed Occupation SOC Code,2018 SOC,No
29-1031,Dietitians and Nutritionists,None,Detailed Occupation SOC Code,2018 SOC,No
29-1041,Optometrists,None,Detailed Occupation SOC Code,2018 SOC,No
29-1051,Pharmacists,None,Detailed Occupation SOC Code,2018 SOC,No
29-1071,Physician Assistants,None,Detailed Occupation SOC Code,2018 SOC,No
29-1081,Podiatrists,None,Detailed Occupation SOC Code,2018 SOC,No
29-1122,Occupational Therapists,None,Detailed Occupation SOC Code,2018 SOC,No
29-1123,Physical Therapists,None,Detailed Occupation SOC Code,2018 SOC,No
29-1124,Radiation Therapists,None,Detailed Occupation SOC Code,2018 SOC,No
29-1125,Recreational Therapists,None,Detailed Occupation SOC Code,2018 SOC,No
29-1126,Respiratory Therapists,None,Detailed Occupation SOC Code,2018 SOC,No
29-1127,Speech-Language Pathologists,None,Detailed Occupation SOC Code,2018 SOC,No
29-1128,Exercise Physiologists,None,Detailed Occupation SOC Code,2018 SOC,No
29-1129,"Therapists, All Other",None,Detailed Occupation SOC Code,2018 SOC,No
29-1131,Veterinarians,None,Detailed Occupation SOC Code,2018 SOC,No
29-1141,Registered Nurses,None,Detailed Occupation SOC Code,2018 SOC,No
29-1151,Nurse Anesthetists,None,Detailed Occupation SOC Code,2018 SOC,No
29-1161,Nurse Midwives,None,Detailed Occupation SOC Code,2018 SOC,No
29-1171,Nurse Practitioners,None,Detailed Occupation SOC Code,2018 SOC,No
29-1181,Audiologists,None,Detailed Occupation SOC Code,2018 SOC,No
29-1211,Anesthesiologists,None,Detailed Occupation SOC Code,2018 SOC,No
29-1212,Cardiologists,None,Detailed Occupation SOC Code,2018 SOC,No
29-1213,Dermatologists,None,Detailed Occupation SOC Code,2018 SOC,No
29-1214,Emergency Medicine Physicians,None,Detailed Occupation SOC Code,2018 SOC,No
29-1215,Family Medicine Physicians,None,Detailed Occupation SOC Code,2018 SOC,No
29-1216,General Internal Medicine Physicians,None,Detailed Occupation SOC Code,2018 SOC,No
29-1217,Neurologists,None,Detailed Occupation SOC Code,2018 SOC,No
29-1218,Obstetricians and Gynecologists,None,Detailed Occupation SOC Code,2018 SOC,No
29-1221,"Pediatricians, General",None,Detailed Occupation SOC Code,2018 SOC,No
29-1222,"Physicians, Pathologists",None,Detailed Occupation SOC Code,2018 SOC,No
29-1223,Psychiatrists,None,Detailed Occupation SOC Code,2018 SOC,No
29-1224,Radiologists,None,Detailed Occupation SOC Code,2018 SOC,No
29-1229,"Physicians, All Other",None,Detailed Occupation SOC Code,2018 SOC,No
29-1241,"Ophthalmologists, Except Pediatric",None,Detailed Occupation SOC Code,2018 SOC,No
29-1242,"Orthopedic Surgeons, Except Pediatric",None,Detailed Occupation SOC Code,2018 SOC,No
29-1243,Pediatric Surgeons,None,Detailed Occupation SOC Code,2018 SOC,No
29-1249,"Surgeons, All Other",None,Detailed Occupation SOC Code,2018 SOC,No
29-1291,Acupuncturists,None,Detailed Occupation SOC Code,2018 SOC,No
29-1292,Dental Hygienists,None,Detailed Occupation SOC Code,2018 SOC,No
29-1299,"Healthcare Diagnosing or Treating Practitioners, All Other",None,Detailed Occupation SOC Code,2018 SOC,No
29-2011,Medical and Clinical Laboratory Technologists,None,Detailed Occupation SOC Code,2018 SOC,No
29-2012,Medical and Clinical Laboratory Technicians,None,Detailed Occupation SOC Code,2018 SOC,No
29-2031,Cardiovascular Technologists and Technicians,None,Detailed Occupation SOC Code,2018 SOC,No
29-2032,Diagnostic Medical Sonographers,None,Detailed Occupation SOC Code,2018 SOC,No
29-2033,Nuclear Medicine Technologists,None,Detailed Occupation SOC Code,2018 SOC,No
29-2034,Radiologic Technologists and Technicians,None,Detailed Occupation SOC Code,2018 SOC,No
29-2035,Magnetic Resonance Imaging Technologists,None,Detailed Occupation SOC Code,2018 SOC,No
29-2036,Medical Dosimetrists,None,Detailed Occupation SOC Code,2018 SOC,No
29-2042,Emergency Medical Technicians,None,Detailed Occupation SOC Code,2018 SOC,No
29-2043,Paramedics,None,Detailed Occupation SOC Code,2018 SOC,No
29-2051,Dietetic Technicians,None,Detailed Occupation SOC Code,2018 SOC,No
29-2052,Pharmacy Technicians,None,Detailed Occupation SOC Code,2018 SOC,No
29-2053,Psychiatric Technicians,None,Detailed Occupation SOC Code,2018 SOC,No
29-2055,Surgical Technologists,None,Detailed Occupation SOC Code,2018 SOC,No
29-2056,Veterinary Technologists and Technicians,None,Detailed Occupation SOC Code,2018 SOC,No
29-2057,Ophthalmic Medical Technicians,None,Detailed Occupation SOC Code,2018 SOC,No
29-2061,Licensed Practical and Licensed Vocational Nurses,None,Detailed Occupation SOC Code,2018 SOC,No
29-2072,Medical Records Specialists,None,Detailed Occupation SOC Code,2018 SOC,No
29-2081,"Opticians, Dispensing",None,Detailed Occupation SOC Code,2018 SOC,No
29-2091,Orthotists and Prosthetists,None,Detailed Occupation SOC Code,2018 SOC,No
29-2092,Hearing Aid Specialists,None,Detailed Occupation SOC Code,2018 SOC,No
29-2099,"Health Technologists and Technicians, All Other",None,Detailed Occupation SOC Code,2018 SOC,No
29-9021,Health Information Technologists and Medical Registrars,None,Detailed Occupation SOC Code,2018 SOC,No
29-9091,Athletic Trainers,None,Detailed Occupation SOC Code,2018 SOC,No
29-9092,Genetic Counselors,None,Detailed Occupation SOC Code,2018 SOC,No
29-9093,Surgical Assistants,None,Detailed Occupation SOC Code,2018 SOC,No
29-9099,"Healthcare Practitioners and Technical Workers, All Other",None,Detailed Occupation SOC Code,2018 SOC,No
31-1121,Home Health Aides,None,Detailed Occupation SOC Code,2018 SOC,No
31-1122,Personal Care Aides,None,Detailed Occupation SOC Code,2018 SOC,No
31-1131,Nursing Assistants,None,Detailed Occupation SOC Code,2018 SOC,No
31-1132,Orderlies,None,Detailed Occupation SOC Code,2018 SOC,No
31-1133,Psychiatric Aides,None,Detailed Occupation SOC Code,2018 SOC,No
31-2011,Occupational Therapy Assistants,None,Detailed Occupation SOC Code,2018 SOC,No
31-2012,Occupational Therapy Aides,None,Detailed Occupation SOC Code,2018 SOC,No
31-2021,Physical Therapist Assistants,None,Detailed Occupation SOC Code,2018 SOC,No
31-2022,Physical Therapist Aides,None,Detailed Occupation SOC Code,2018 SOC,No
31-9011,Massage Therapists,None,Detailed Occupation SOC Code,2018 SOC,No
31-9091,Dental Assistants,None,Detailed Occupation SOC Code,2018 SOC,No
31-9092,Medical Assistants,None,Detailed Occupation SOC Code,2018 SOC,No
31-9093,Medical Equipment Preparers,None,Detailed Occupation SOC Code,2018 SOC,No
31-9094,Medical Transcriptionists,None,Detailed Occupation SOC Code,2018 SOC,No
31-9095,Pharmacy Aides,None,Detailed Occupation SOC Code,2018 SOC,No
31-9096,Veterinary Assistants and Laboratory Animal Caretakers,None,Detailed Occupation SOC Code,2018 SOC,No
31-9097,Phlebotomists,None,Detailed Occupation SOC Code,2018 SOC,No
31-9099,"Healthcare Support Workers, All Other",None,Detailed Occupation SOC Code,2018 SOC,No
33-1011,First-Line Supervisors of Correctional Officers,None,Detailed Occupation SOC Code,2018 SOC,No
33-1012,First-Line Supervisors of Police and Detectives,None,Detailed Occupation SOC Code,2018 SOC,No
33-1021,First-Line Supervisors of Firefighting and Prevention Workers,None,Detailed Occupation SOC Code,2018 SOC,No
33-1091,First-Line Supervisors of Security Workers,None,Detailed Occupation SOC Code,2018 SOC,No
33-1099,"First-Line Supervisors of Protective Service Workers, All Other",None,Detailed Occupation SOC Code,2018 SOC,No
33-2011,Firefighters,None,Detailed Occupation SOC Code,2018 SOC,No
33-2021,Fire Inspectors and Investigators,None,Detailed Occupation SOC Code,2018 SOC,No
33-2022,Forest Fire Inspectors and Prevention Specialists,None,Detailed Occupation SOC Code,2018 SOC,No
33-3011,Bailiffs,None,Detailed Occupation SOC Code,2018 SOC,No
33-3012,Correctional Officers and Jailers,None,Detailed Occupation SOC Code,2018 SOC,No
33-3021,Detectives and Criminal Investigators,None,Detailed Occupation SOC Code,2018 SOC,No
33-3031,Fish and Game Wardens,None,Detailed Occupation SOC Code,2018 SOC,No
33-3041,Parking Enforcement Workers,None,Detailed Occupation SOC Code,2018 SOC,No
33-3051,Police and Sheriffâ€™s Patrol Officers,None,Detailed Occupation SOC Code,2018 SOC,No
33-3052,Transit and Railroad Police,None,Detailed Occupation SOC Code,2018 SOC,No
33-9011,Animal Control Workers,None,Detailed Occupation SOC Code,2018 SOC,No
33-9021,Private Detectives and Investigators,None,Detailed Occupation SOC Code,2018 SOC,No
33-9031,Gambling Surveillance Officers and Gambling Investigators,None,Detailed Occupation SOC Code,2018 SOC,No
33-9032,Security Guards,None,Detailed Occupation SOC Code,2018 SOC,No
33-9091,Crossing Guards and Flaggers,None,Detailed Occupation SOC Code,2018 SOC,No
33-9092,"Lifeguards, Ski Patrol, and Other Recreational Protective Service Workers",None,Detailed Occupation SOC Code,2018 SOC,No
33-9093,Transportation Security Screeners,None,Detailed Occupation SOC Code,2018 SOC,No
33-9094,School Bus Monitors,None,Detailed Occupation SOC Code,2018 SOC,No
33-9099,"Protective Service Workers, All Other",None,Detailed Occupation SOC Code,2018 SOC,No
35-1011,Chefs and Head Cooks,None,Detailed Occupation SOC Code,2018 SOC,No
35-1012,First-Line Supervisors of Food Preparation and Serving Workers,None,Detailed Occupation SOC Code,2018 SOC,No
35-2011,"Cooks, Fast Food",None,Detailed Occupation SOC Code,2018 SOC,No
35-2012,"Cooks, Institution and Cafeteria",None,Detailed Occupation SOC Code,2018 SOC,No
35-2013,"Cooks, Private Household",None,Detailed Occupation SOC Code,2018 SOC,No
35-2014,"Cooks, Restaurant",None,Detailed Occupation SOC Code,2018 SOC,No
35-2015,"Cooks, Short Order",None,Detailed Occupation SOC Code,2018 SOC,No
35-2019,"Cooks, All Other",None,Detailed Occupation SOC Code,2018 SOC,No
35-2021,Food Preparation Workers,None,Detailed Occupation SOC Code,2018 SOC,No
35-3011,Bartenders,None,Detailed Occupation SOC Code,2018 SOC,No
35-3023,Fast Food and Counter Workers,None,Detailed Occupation SOC Code,2018 SOC,No
35-3031,Waiters and Waitresses,None,Detailed Occupation SOC Code,2018 SOC,No
35-3041,"Food Servers, Nonrestaurant",None,Detailed Occupation SOC Code,2018 SOC,No
35-9011,Dining Room and Cafeteria Attendants and Bartender Helpers,None,Detailed Occupation SOC Code,2018 SOC,No
35-9021,Dishwashers,None,Detailed Occupation SOC Code,2018 SOC,No
35-9031,"Hosts and Hostesses, Restaurant, Lounge, and Coffee Shop",None,Detailed Occupation SOC Code,2018 SOC,No
35-9099,"Food Preparation and Serving Related Workers, All Other",None,Detailed Occupation SOC Code,2018 SOC,No
37-1011,First-Line Supervisors of Housekeeping and Janitorial Workers,None,Detailed Occupation SOC Code,2018 SOC,No
37-1012,"First-Line Supervisors of Landscaping, Lawn Service, and Groundskeeping Workers",None,Detailed Occupation SOC Code,2018 SOC,No
37-2011,"Janitors and Cleaners, Except Maids and Housekeeping Cleaners",None,Detailed Occupation SOC Code,2018 SOC,No
37-2012,Maids and Housekeeping Cleaners,None,Detailed Occupation SOC Code,2018 SOC,No
37-2019,"Building Cleaning Workers, All Other",None,Detailed Occupation SOC Code,2018 SOC,No
37-2021,Pest Control Workers,None,Detailed Occupation SOC Code,2018 SOC,No
37-3011,Landscaping and Groundskeeping Workers,None,Detailed Occupation SOC Code,2018 SOC,No
37-3012,"Pesticide Handlers, Sprayers, and Applicators, Vegetation",None,Detailed Occupation SOC Code,2018 SOC,No
37-3013,Tree Trimmers and Pruners,None,Detailed Occupation SOC Code,2018 SOC,No
37-3019,"Grounds Maintenance Workers, All Other",None,Detailed Occupation SOC Code,2018 SOC,No
39-1013,First-Line Supervisors of Gambling Services Workers,None,Detailed Occupation SOC Code,2018 SOC,No
39-1014,"First-Line Supervisors of Entertainment and Recreation Workers, Except Gambling Services",None,Detailed Occupation SOC Code,2018 SOC,No
39-1022,First-Line Supervisors of Personal Service Workers,None,Detailed Occupation SOC Code,2018 SOC,No
39-2011,Animal Trainers,None,Detailed Occupation SOC Code,2018 SOC,No
39-2021,Animal Caretakers,None,Detailed Occupation SOC Code,2018 SOC,No
39-3011,Gambling Dealers,None,Detailed Occupation SOC Code,2018 SOC,No
39-3012,Gambling and Sports Book Writers and Runners,None,Detailed Occupation SOC Code,2018 SOC,No
39-3019,"Gambling Service Workers, All Other",None,Detailed Occupation SOC Code,2018 SOC,No
39-3021,Motion Picture Projectionists,None,Detailed Occupation SOC Code,2018 SOC,No
39-3031,"Ushers, Lobby Attendants, and Ticket Takers",None,Detailed Occupation SOC Code,2018 SOC,No
39-3091,Amusement and Recreation Attendants,None,Detailed Occupation SOC Code,2018 SOC,No
39-3092,Costume Attendants,None,Detailed Occupation SOC Code,2018 SOC,No
39-3093,"Locker Room, Coatroom, and Dressing Room Attendants",None,Detailed Occupation SOC Code,2018 SOC,No
39-3099,"Entertainment Attendants and Related Workers, All Other",None,Detailed Occupation SOC Code,2018 SOC,No
39-4011,Embalmers,None,Detailed Occupation SOC Code,2018 SOC,No
39-4012,Crematory Operators,None,Detailed Occupation SOC Code,2018 SOC,No
39-4021,Funeral Attendants,None,Detailed Occupation SOC Code,2018 SOC,No
39-4031,"Morticians, Undertakers, and Funeral Arrangers",None,Detailed Occupation SOC Code,2018 SOC,No
39-5011,Barbers,None,Detailed Occupation SOC Code,2018 SOC,No
39-5012,"Hairdressers, Hairstylists, and Cosmetologists",None,Detailed Occupation SOC Code,2018 SOC,No
39-5091,"Makeup Artists, Theatrical and Performance",None,Detailed Occupation SOC Code,2018 SOC,No
39-5092,Manicurists and Pedicurists,None,Detailed Occupation SOC Code,2018 SOC,No
39-5093,Shampooers,None,Detailed Occupation SOC Code,2018 SOC,No
39-5094,Skincare Specialists,None,Detailed Occupation SOC Code,2018 SOC,No
39-6011,Baggage Porters and Bellhops,None,Detailed Occupation SOC Code,2018 SOC,No
39-6012,Concierges,None,Detailed Occupation SOC Code,2018 SOC,No
39-7011,Tour Guides and Escorts,None,Detailed Occupation SOC Code,2018 SOC,No
39-7012,Travel Guides,None,Detailed Occupation SOC Code,2018 SOC,No
39-9011,Childcare Workers,None,Detailed Occupation SOC Code,2018 SOC,No
39-9031,Exercise Trainers and Group Fitness Instructors,None,Detailed Occupation SOC Code,2018 SOC,No
39-9032,Recreation Workers,None,Detailed Occupation SOC Code,2018 SOC,No
39-9041,Residential Advisors,None,Detailed Occupation SOC Code,2018 SOC,No
39-9099,"Personal Care and Service Workers, All Other",None,Detailed Occupation SOC Code,2018 SOC,No
41-1011,First-Line Supervisors of Retail Sales Workers,None,Detailed Occupation SOC Code,2018 SOC,No
41-1012,First-Line Supervisors of Non-Retail Sales Workers,None,Detailed Occupation SOC Code,2018 SOC,No
41-2011,Cashiers,None,Detailed Occupation SOC Code,2018 SOC,No
41-2012,Gambling Change Persons and Booth Cashiers,None,Detailed Occupation SOC Code,2018 SOC,No
41-2021,Counter and Rental Clerks,None,Detailed Occupation SOC Code,2018 SOC,No
41-2022,Parts Salespersons,None,Detailed Occupation SOC Code,2018 SOC,No
41-2031,Retail Salespersons,None,Detailed Occupation SOC Code,2018 SOC,No
41-3011,Advertising Sales Agents,None,Detailed Occupation SOC Code,2018 SOC,No
41-3021,Insurance Sales Agents,None,Detailed Occupation SOC Code,2018 SOC,No
41-3031,"Securities, Commodities, and Financial Services Sales Agents",None,Detailed Occupation SOC Code,2018 SOC,No
41-3041,Travel Agents,None,Detailed Occupation SOC Code,2018 SOC,No
41-3091,"Sales Representatives of Services, Except Advertising, Insurance, Financial Services, and Travel",None,Detailed Occupation SOC Code,2018 SOC,No
41-4011,"Sales Representatives, Wholesale and Manufacturing, Technical and Scientific Products",None,Detailed Occupation SOC Code,2018 SOC,No
41-4012,"Sales Representatives, Wholesale and Manufacturing, Except Technical and Scientific Products",None,Detailed Occupation SOC Code,2018 SOC,No
41-9011,Demonstrators and Product Promoters,None,Detailed Occupation SOC Code,2018 SOC,No
41-9012,Models,None,Detailed Occupation SOC Code,2018 SOC,No
41-9021,Real Estate Brokers,None,Detailed Occupation SOC Code,2018 SOC,No
41-9022,Real Estate Sales Agents,None,Detailed Occupation SOC Code,2018 SOC,No
41-9031,Sales Engineers,None,Detailed Occupation SOC Code,2018 SOC,No
41-9041,Telemarketers,None,Detailed Occupation SOC Code,2018 SOC,No
41-9091,"Door-to-Door Sales Workers, News and Street Vendors, and Related Workers",None,Detailed Occupation SOC Code,2018 SOC,No
41-9099,"Sales and Related Workers, All Other",None,Detailed Occupation SOC Code,2018 SOC,No
43-1011,First-Line Supervisors of Office and Administrative Support Workers,None,Detailed Occupation SOC Code,2018 SOC,No
43-2011,"Switchboard Operators, Including Answering Service",None,Detailed Occupation SOC Code,2018 SOC,No
43-2021,Telephone Operators,None,Detailed Occupation SOC Code,2018 SOC,No
43-2099,"Communications Equipment Operators, All Other",None,Detailed Occupation SOC Code,2018 SOC,No
43-3011,Bill and Account Collectors,None,Detailed Occupation SOC Code,2018 SOC,No
43-3021,Billing and Posting Clerks,None,Detailed Occupation SOC Code,2018 SOC,No
43-3031,"Bookkeeping, Accounting, and Auditing Clerks",None,Detailed Occupation SOC Code,2018 SOC,No
43-3041,Gambling Cage Workers,None,Detailed Occupation SOC Code,2018 SOC,No
43-3051,Payroll and Timekeeping Clerks,None,Detailed Occupation SOC Code,2018 SOC,No
43-3061,Procurement Clerks,None,Detailed Occupation SOC Code,2018 SOC,No
43-3071,Tellers,None,Detailed Occupation SOC Code,2018 SOC,No
43-3099,"Financial Clerks, All Other",None,Detailed Occupation SOC Code,2018 SOC,No
43-4011,Brokerage Clerks,None,Detailed Occupation SOC Code,2018 SOC,No
43-4021,Correspondence Clerks,None,Detailed Occupation SOC Code,2018 SOC,No
43-4031,"Court, Municipal, and License Clerks",None,Detailed Occupation SOC Code,2018 SOC,No
43-4041,"Credit Authorizers, Checkers, and Clerks",None,Detailed Occupation SOC Code,2018 SOC,No
43-4051,Customer Service Representatives,None,Detailed Occupation SOC Code,2018 SOC,No
43-4061,"Eligibility Interviewers, Government Programs",None,Detailed Occupation SOC Code,2018 SOC,No
43-4071,File Clerks,None,Detailed Occupation SOC Code,2018 SOC,No
43-4081,"Hotel, Motel, and Resort Desk Clerks",None,Detailed Occupation SOC Code,2018 SOC,No
43-4111,"Interviewers, Except Eligibility and Loan",None,Detailed Occupation SOC Code,2018 SOC,No
43-4121,"Library Assistants, Clerical",None,Detailed Occupation SOC Code,2018 SOC,No
43-4131,Loan Interviewers and Clerks,None,Detailed Occupation SOC Code,2018 SOC,No
43-4141,New Accounts Clerks,None,Detailed Occupation SOC Code,2018 SOC,No
43-4151,Order Clerks,None,Detailed Occupation SOC Code,2018 SOC,No
43-4161,"Human Resources Assistants, Except Payroll and Timekeeping",None,Detailed Occupation SOC Code,2018 SOC,No
43-4171,Receptionists and Information Clerks,None,Detailed Occupation SOC Code,2018 SOC,No
43-4181,Reservation and Transportation Ticket Agents and Travel Clerks,None,Detailed Occupation SOC Code,2018 SOC,No
43-4199,"Information and Record Clerks, All Other",None,Detailed Occupation SOC Code,2018 SOC,No
43-5011,Cargo and Freight Agents,None,Detailed Occupation SOC Code,2018 SOC,No
43-5021,Couriers and Messengers,None,Detailed Occupation SOC Code,2018 SOC,No
43-5031,Public Safety Telecommunicators,None,Detailed Occupation SOC Code,2018 SOC,No
43-5032,"Dispatchers, Except Police, Fire, and Ambulance",None,Detailed Occupation SOC Code,2018 SOC,No
43-5041,"Meter Readers, Utilities",None,Detailed Occupation SOC Code,2018 SOC,No
43-5051,Postal Service Clerks,None,Detailed Occupation SOC Code,2018 SOC,No
43-5052,Postal Service Mail Carriers,None,Detailed Occupation SOC Code,2018 SOC,No
43-5053,"Postal Service Mail Sorters, Processors, and Processing Machine Operators",None,Detailed Occupation SOC Code,2018 SOC,No
43-5061,"Production, Planning, and Expediting Clerks",None,Detailed Occupation SOC Code,2018 SOC,No
43-5071,"Shipping, Receiving, and Inventory Clerks",None,Detailed Occupation SOC Code,2018 SOC,No
43-5111,"Weighers, Measurers, Checkers, and Samplers, Recordkeeping",None,Detailed Occupation SOC Code,2018 SOC,No
43-6011,Executive Secretaries and Executive Administrative Assistants,None,Detailed Occupation SOC Code,2018 SOC,No
43-6012,Legal Secretaries and Administrative Assistants,None,Detailed Occupation SOC Code,2018 SOC,No
43-6013,Medical Secretaries and Administrative Assistants,None,Detailed Occupation SOC Code,2018 SOC,No
43-6014,"Secretaries and Administrative Assistants, Except Legal, Medical, and Executive",None,Detailed Occupation SOC Code,2018 SOC,No
43-9021,Data Entry Keyers,None,Detailed Occupation SOC Code,2018 SOC,No
43-9022,Word Processors and Typists,None,Detailed Occupation SOC Code,2018 SOC,No
43-9031,Desktop Publishers,None,Detailed Occupation SOC Code,2018 SOC,No
43-9041,Insurance Claims and Policy Processing Clerks,None,Detailed Occupation SOC Code,2018 SOC,No
43-9051,"Mail Clerks and Mail Machine Operators, Except Postal Service",None,Detailed Occupation SOC Code,2018 SOC,No
43-9061,"Office Clerks, General",None,Detailed Occupation SOC Code,2018 SOC,No
43-9071,"Office Machine Operators, Except Computer",None,Detailed Occupation SOC Code,2018 SOC,No
43-9081,Proofreaders and Copy Markers,None,Detailed Occupation SOC Code,2018 SOC,No
43-9111,Statistical Assistants,None,Detailed Occupation SOC Code,2018 SOC,No
43-9199,"Office and Administrative Support Workers, All Other",None,Detailed Occupation SOC Code,2018 SOC,No
45-1011,"First-Line Supervisors of Farming, Fishing, and Forestry Workers",None,Detailed Occupation SOC Code,2018 SOC,No
45-2011,Agricultural Inspectors,None,Detailed Occupation SOC Code,2018 SOC,No
45-2021,Animal Breeders,None,Detailed Occupation SOC Code,2018 SOC,No
45-2041,"Graders and Sorters, Agricultural Products",None,Detailed Occupation SOC Code,2018 SOC,No
45-2091,Agricultural Equipment Operators,None,Detailed Occupation SOC Code,2018 SOC,No
45-2092,"Farmworkers and Laborers, Crop, Nursery, and Greenhouse",None,Detailed Occupation SOC Code,2018 SOC,No
45-2093,"Farmworkers, Farm, Ranch, and Aquacultural Animals",None,Detailed Occupation SOC Code,2018 SOC,No
45-2099,"Agricultural Workers, All Other",None,Detailed Occupation SOC Code,2018 SOC,No
45-3031,Fishing and Hunting Workers,None,Detailed Occupation SOC Code,2018 SOC,No
45-4011,Forest and Conservation Workers,None,Detailed Occupation SOC Code,2018 SOC,No
45-4021,Fallers,None,Detailed Occupation SOC Code,2018 SOC,No
45-4022,Logging Equipment Operators,None,Detailed Occupation SOC Code,2018 SOC,No
45-4023,Log Graders and Scalers,None,Detailed Occupation SOC Code,2018 SOC,No
45-4029,"Logging Workers, All Other",None,Detailed Occupation SOC Code,2018 SOC,No
47-1011,First-Line Supervisors of Construction Trades and Extraction Workers,None,Detailed Occupation SOC Code,2018 SOC,No
47-2011,Boilermakers,None,Detailed Occupation SOC Code,2018 SOC,No
47-2021,Brickmasons and Blockmasons,None,Detailed Occupation SOC Code,2018 SOC,No
47-2022,Stonemasons,None,Detailed Occupation SOC Code,2018 SOC,No
47-2031,Carpenters,None,Detailed Occupation SOC Code,2018 SOC,No
47-2041,Carpet Installers,None,Detailed Occupation SOC Code,2018 SOC,No
47-2042,"Floor Layers, Except Carpet, Wood, and Hard Tiles",None,Detailed Occupation SOC Code,2018 SOC,No
47-2043,Floor Sanders and Finishers,None,Detailed Occupation SOC Code,2018 SOC,No
47-2044,Tile and Stone Setters,None,Detailed Occupation SOC Code,2018 SOC,No
47-2051,Cement Masons and Concrete Finishers,None,Detailed Occupation SOC Code,2018 SOC,No
47-2053,Terrazzo Workers and Finishers,None,Detailed Occupation SOC Code,2018 SOC,No
47-2061,Construction Laborers,None,Detailed Occupation SOC Code,2018 SOC,No
47-2071,"Paving, Surfacing, and Tamping Equipment Operators",None,Detailed Occupation SOC Code,2018 SOC,No
47-2072,Pile Driver Operators,None,Detailed Occupation SOC Code,2018 SOC,No
47-2073,Operating Engineers and Other Construction Equipment Operators,None,Detailed Occupation SOC Code,2018 SOC,No
47-2081,Drywall and Ceiling Tile Installers,None,Detailed Occupation SOC Code,2018 SOC,No
47-2082,Tapers,None,Detailed Occupation SOC Code,2018 SOC,No
47-2111,Electricians,None,Detailed Occupation SOC Code,2018 SOC,No
47-2121,Glaziers,None,Detailed Occupation SOC Code,2018 SOC,No
47-2131,"Insulation Workers, Floor, Ceiling, and Wall",None,Detailed Occupation SOC Code,2018 SOC,No
47-2132,"Insulation Workers, Mechanical",None,Detailed Occupation SOC Code,2018 SOC,No
47-2141,"Painters, Construction and Maintenance",None,Detailed Occupation SOC Code,2018 SOC,No
47-2142,Paperhangers,None,Detailed Occupation SOC Code,2018 SOC,No
47-2151,Pipelayers,None,Detailed Occupation SOC Code,2018 SOC,No
47-2152,"Plumbers, Pipefitters, and Steamfitters",None,Detailed Occupation SOC Code,2018 SOC,No
47-2161,Plasterers and Stucco Masons,None,Detailed Occupation SOC Code,2018 SOC,No
47-2171,Reinforcing Iron and Rebar Workers,None,Detailed Occupation SOC Code,2018 SOC,No
47-2181,Roofers,None,Detailed Occupation SOC Code,2018 SOC,No
47-2211,Sheet Metal Workers,None,Detailed Occupation SOC Code,2018 SOC,No
47-2221,Structural Iron and Steel Workers,None,Detailed Occupation SOC Code,2018 SOC,No
47-2231,Solar Photovoltaic Installers,None,Detailed Occupation SOC Code,2018 SOC,No
47-3011,"Helpers--Brickmasons, Blockmasons, Stonemasons, and Tile and Marble Setters",None,Detailed Occupation SOC Code,2018 SOC,No
47-3012,Helpers--Carpenters,None,Detailed Occupation SOC Code,2018 SOC,No
47-3013,Helpers--Electricians,None,Detailed Occupation SOC Code,2018 SOC,No
47-3014,"Helpers--Painters, Paperhangers, Plasterers, and Stucco Masons",None,Detailed Occupation SOC Code,2018 SOC,No
47-3015,"Helpers--Pipelayers, Plumbers, Pipefitters, and Steamfitters",None,Detailed Occupation SOC Code,2018 SOC,No
47-3016,Helpers--Roofers,None,Detailed Occupation SOC Code,2018 SOC,No
47-3019,"Helpers, Construction Trades, All Other",None,Detailed Occupation SOC Code,2018 SOC,No
47-4011,Construction and Building Inspectors,None,Detailed Occupation SOC Code,2018 SOC,No
47-4021,Elevator and Escalator Installers and Repairers,None,Detailed Occupation SOC Code,2018 SOC,No
47-4031,Fence Erectors,None,Detailed Occupation SOC Code,2018 SOC,No
47-4041,Hazardous Materials Removal Workers,None,Detailed Occupation SOC Code,2018 SOC,No
47-4051,Highway Maintenance Workers,None,Detailed Occupation SOC Code,2018 SOC,No
47-4061,Rail-Track Laying and Maintenance Equipment Operators,None,Detailed Occupation SOC Code,2018 SOC,No
47-4071,Septic Tank Servicers and Sewer Pipe Cleaners,None,Detailed Occupation SOC Code,2018 SOC,No
47-4091,Segmental Pavers,None,Detailed Occupation SOC Code,2018 SOC,No
47-4099,"Construction and Related Workers, All Other",None,Detailed Occupation SOC Code,2018 SOC,No
47-5011,"Derrick Operators, Oil and Gas",None,Detailed Occupation SOC Code,2018 SOC,No
47-5012,"Rotary Drill Operators, Oil and Gas",None,Detailed Occupation SOC Code,2018 SOC,No
47-5013,"Service Unit Operators, Oil and Gas",None,Detailed Occupation SOC Code,2018 SOC,No
47-5022,"Excavating and Loading Machine and Dragline Operators, Surface Mining",None,Detailed Occupation SOC Code,2018 SOC,No
47-5023,"Earth Drillers, Except Oil and Gas",None,Detailed Occupation SOC Code,2018 SOC,No
47-5032,"Explosives Workers, Ordnance Handling Experts, and Blasters",None,Detailed Occupation SOC Code,2018 SOC,No
47-5041,Continuous Mining Machine Operators,None,Detailed Occupation SOC Code,2018 SOC,No
47-5043,"Roof Bolters, Mining",None,Detailed Occupation SOC Code,2018 SOC,No
47-5044,"Loading and Moving Machine Operators, Underground Mining",None,Detailed Occupation SOC Code,2018 SOC,No
47-5049,"Underground Mining Machine Operators, All Other",None,Detailed Occupation SOC Code,2018 SOC,No
47-5051,"Rock Splitters, Quarry",None,Detailed Occupation SOC Code,2018 SOC,No
47-5071,"Roustabouts, Oil and Gas",None,Detailed Occupation SOC Code,2018 SOC,No
47-5081,Helpers--Extraction Workers,None,Detailed Occupation SOC Code,2018 SOC,No
47-5099,"Extraction Workers, All Other",None,Detailed Occupation SOC Code,2018 SOC,No
49-1011,"First-Line Supervisors of Mechanics, Installers, and Repairers",None,Detailed Occupation SOC Code,2018 SOC,No
49-2011,"Computer, Automated Teller, and Office Machine Repairers",None,Detailed Occupation SOC Code,2018 SOC,No
49-2021,"Radio, Cellular, and Tower Equipment Installers and Repairers",None,Detailed Occupation SOC Code,2018 SOC,No
49-2022,"Telecommunications Equipment Installers and Repairers, Except Line Installers",None,Detailed Occupation SOC Code,2018 SOC,No
49-2091,Avionics Technicians,None,Detailed Occupation SOC Code,2018 SOC,No
49-2092,"Electric Motor, Power Tool, and Related Repairers",None,Detailed Occupation SOC Code,2018 SOC,No
49-2093,"Electrical and Electronics Installers and Repairers, Transportation Equipment",None,Detailed Occupation SOC Code,2018 SOC,No
49-2094,"Electrical and Electronics Repairers, Commercial and Industrial Equipment",None,Detailed Occupation SOC Code,2018 SOC,No
49-2095,"Electrical and Electronics Repairers, Powerhouse, Substation, and Relay",None,Detailed Occupation SOC Code,2018 SOC,No
49-2096,"Electronic Equipment Installers and Repairers, Motor Vehicles",None,Detailed Occupation SOC Code,2018 SOC,No
49-2097,Audiovisual Equipment Installers and Repairers,None,Detailed Occupation SOC Code,2018 SOC,No
49-2098,Security and Fire Alarm Systems Installers,None,Detailed Occupation SOC Code,2018 SOC,No
49-3011,Aircraft Mechanics and Service Technicians,None,Detailed Occupation SOC Code,2018 SOC,No
49-3021,Automotive Body and Related Repairers,None,Detailed Occupation SOC Code,2018 SOC,No
49-3022,Automotive Glass Installers and Repairers,None,Detailed Occupation SOC Code,2018 SOC,No
49-3023,Automotive Service Technicians and Mechanics,None,Detailed Occupation SOC Code,2018 SOC,No
49-3031,Bus and Truck Mechanics and Diesel Engine Specialists,None,Detailed Occupation SOC Code,2018 SOC,No
49-3041,Farm Equipment Mechanics and Service Technicians,None,Detailed Occupation SOC Code,2018 SOC,No
49-3042,"Mobile Heavy Equipment Mechanics, Except Engines",None,Detailed Occupation SOC Code,2018 SOC,No
49-3043,Rail Car Repairers,None,Detailed Occupation SOC Code,2018 SOC,No
49-3051,Motorboat Mechanics and Service Technicians,None,Detailed Occupation SOC Code,2018 SOC,No
49-3052,Motorcycle Mechanics,None,Detailed Occupation SOC Code,2018 SOC,No
49-3053,Outdoor Power Equipment and Other Small Engine Mechanics,None,Detailed Occupation SOC Code,2018 SOC,No
49-3091,Bicycle Repairers,None,Detailed Occupation SOC Code,2018 SOC,No
49-3092,Recreational Vehicle Service Technicians,None,Detailed Occupation SOC Code,2018 SOC,No
49-3093,Tire Repairers and Changers,None,Detailed Occupation SOC Code,2018 SOC,No
49-9011,Mechanical Door Repairers,None,Detailed Occupation SOC Code,2018 SOC,No
49-9012,"Control and Valve Installers and Repairers, Except Mechanical Door",None,Detailed Occupation SOC Code,2018 SOC,No
49-9021,"Heating, Air Conditioning, and Refrigeration Mechanics and Installers",None,Detailed Occupation SOC Code,2018 SOC,No
49-9031,Home Appliance Repairers,None,Detailed Occupation SOC Code,2018 SOC,No
49-9041,Industrial Machinery Mechanics,None,Detailed Occupation SOC Code,2018 SOC,No
49-9043,"Maintenance Workers, Machinery",None,Detailed Occupation SOC Code,2018 SOC,No
49-9044,Millwrights,None,Detailed Occupation SOC Code,2018 SOC,No
49-9045,"Refractory Materials Repairers, Except Brickmasons",None,Detailed Occupation SOC Code,2018 SOC,No
49-9051,Electrical Power-Line Installers and Repairers,None,Detailed Occupation SOC Code,2018 SOC,No
49-9052,Telecommunications Line Installers and Repairers,None,Detailed Occupation SOC Code,2018 SOC,No
49-9061,Camera and Photographic Equipment Repairers,None,Detailed Occupation SOC Code,2018 SOC,No
49-9062,Medical Equipment Repairers,None,Detailed Occupation SOC Code,2018 SOC,No
49-9063,Musical Instrument Repairers and Tuners,None,Detailed Occupation SOC Code,2018 SOC,No
49-9064,Watch and Clock Repairers,None,Detailed Occupation SOC Code,2018 SOC,No
49-9069,"Precision Instrument and Equipment Repairers, All Other",None,Detailed Occupation SOC Code,2018 SOC,No
49-9071,"Maintenance and Repair Workers, General",None,Detailed Occupation SOC Code,2018 SOC,No
49-9081,Wind Turbine Service Technicians,None,Detailed Occupation SOC Code,2018 SOC,No
49-9091,"Coin, Vending, and Amusement Machine Servicers and Repairers",None,Detailed Occupation SOC Code,2018 SOC,No
49-9092,Commercial Divers,None,Detailed Occupation SOC Code,2018 SOC,No
49-9094,Locksmiths and Safe Repairers,None,Detailed Occupation SOC Code,2018 SOC,No
49-9095,Manufactured Building and Mobile Home Installers,None,Detailed Occupation SOC Code,2018 SOC,No
49-9096,Riggers,None,Detailed Occupation SOC Code,2018 SOC,No
49-9097,Signal and Track Switch Repairers,None,Detailed Occupation SOC Code,2018 SOC,No
49-9098,"Helpers--Installation, Maintenance, and Repair Workers",None,Detailed Occupation SOC Code,2018 SOC,No
49-9099,"Installation, Maintenance, and Repair Workers, All Other",None,Detailed Occupation SOC Code,2018 SOC,No
51-1011,First-Line Supervisors of Production and Operating Workers,None,Detailed Occupation SOC Code,2018 SOC,No
51-2011,"Aircraft Structure, Surfaces, Rigging, and Systems Assemblers",None,Detailed Occupation SOC Code,2018 SOC,No
51-2021,"Coil Winders, Tapers, and Finishers",None,Detailed Occupation SOC Code,2018 SOC,No
51-2022,Electrical and Electronic Equipment Assemblers,None,Detailed Occupation SOC Code,2018 SOC,No
51-2023,Electromechanical Equipment Assemblers,None,Detailed Occupation SOC Code,2018 SOC,No
51-2031,Engine and Other Machine Assemblers,None,Detailed Occupation SOC Code,2018 SOC,No
51-2041,Structural Metal Fabricators and Fitters,None,Detailed Occupation SOC Code,2018 SOC,No
51-2051,Fiberglass Laminators and Fabricators,None,Detailed Occupation SOC Code,2018 SOC,No
51-2061,Timing Device Assemblers and Adjusters,None,Detailed Occupation SOC Code,2018 SOC,No
51-2092,Team Assemblers,None,Detailed Occupation SOC Code,2018 SOC,No
51-2099,"Assemblers and Fabricators, All Other",None,Detailed Occupation SOC Code,2018 SOC,No
51-3011,Bakers,None,Detailed Occupation SOC Code,2018 SOC,No
51-3021,Butchers and Meat Cutters,None,Detailed Occupation SOC Code,2018 SOC,No
51-3022,"Meat, Poultry, and Fish Cutters and Trimmers",None,Detailed Occupation SOC Code,2018 SOC,No
51-3023,Slaughterers and Meat Packers,None,Detailed Occupation SOC Code,2018 SOC,No
51-3091,"Food and Tobacco Roasting, Baking, and Drying Machine Operators and Tenders",None,Detailed Occupation SOC Code,2018 SOC,No
51-3092,Food Batchmakers,None,Detailed Occupation SOC Code,2018 SOC,No
51-3093,Food Cooking Machine Operators and Tenders,None,Detailed Occupation SOC Code,2018 SOC,No
51-3099,"Food Processing Workers, All Other",None,Detailed Occupation SOC Code,2018 SOC,No
51-4021,"Extruding and Drawing Machine Setters, Operators, and Tenders, Metal and Plastic",None,Detailed Occupation SOC Code,2018 SOC,No
51-4022,"Forging Machine Setters, Operators, and Tenders, Metal and Plastic",None,Detailed Occupation SOC Code,2018 SOC,No
51-4023,"Rolling Machine Setters, Operators, and Tenders, Metal and Plastic",None,Detailed Occupation SOC Code,2018 SOC,No
51-4031,"Cutting, Punching, and Press Machine Setters, Operators, and Tenders, Metal and Plastic",None,Detailed Occupation SOC Code,2018 SOC,No
51-4032,"Drilling and Boring Machine Tool Setters, Operators, and Tenders, Metal and Plastic",None,Detailed Occupation SOC Code,2018 SOC,No
51-4033,"Grinding, Lapping, Polishing, and Buffing Machine Tool Setters, Operators, and Tenders, Metal and Plastic",None,Detailed Occupation SOC Code,2018 SOC,No
51-4034,"Lathe and Turning Machine Tool Setters, Operators, and Tenders, Metal and Plastic",None,Detailed Occupation SOC Code,2018 SOC,No
51-4035,"Milling and Planing Machine Setters, Operators, and Tenders, Metal and Plastic",None,Detailed Occupation SOC Code,2018 SOC,No
51-4041,Machinists,None,Detailed Occupation SOC Code,2018 SOC,No
51-4051,Metal-Refining Furnace Operators and Tenders,None,Detailed Occupation SOC Code,2018 SOC,No
51-4052,"Pourers and Casters, Metal",None,Detailed Occupation SOC Code,2018 SOC,No
51-4061,"Model Makers, Metal and Plastic",None,Detailed Occupation SOC Code,2018 SOC,No
51-4062,"Patternmakers, Metal and Plastic",None,Detailed Occupation SOC Code,2018 SOC,No
51-4071,Foundry Mold and Coremakers,None,Detailed Occupation SOC Code,2018 SOC,No
51-4072,"Molding, Coremaking, and Casting Machine Setters, Operators, and Tenders, Metal and Plastic",None,Detailed Occupation SOC Code,2018 SOC,No
51-4081,"Multiple Machine Tool Setters, Operators, and Tenders, Metal and Plastic",None,Detailed Occupation SOC Code,2018 SOC,No
51-4111,Tool and Die Makers,None,Detailed Occupation SOC Code,2018 SOC,No
51-4121,"Welders, Cutters, Solderers, and Brazers",None,Detailed Occupation SOC Code,2018 SOC,No
51-4122,"Welding, Soldering, and Brazing Machine Setters, Operators, and Tenders",None,Detailed Occupation SOC Code,2018 SOC,No
51-4191,"Heat Treating Equipment Setters, Operators, and Tenders, Metal and Plastic",None,Detailed Occupation SOC Code,2018 SOC,No
51-4192,"Layout Workers, Metal and Plastic",None,Detailed Occupation SOC Code,2018 SOC,No
51-4193,"Plating Machine Setters, Operators, and Tenders, Metal and Plastic",None,Detailed Occupation SOC Code,2018 SOC,No
51-4194,"Tool Grinders, Filers, and Sharpeners",None,Detailed Occupation SOC Code,2018 SOC,No
51-4199,"Metal Workers and Plastic Workers, All Other",None,Detailed Occupation SOC Code,2018 SOC,No
51-5111,Prepress Technicians and Workers,None,Detailed Occupation SOC Code,2018 SOC,No
51-5112,Printing Press Operators,None,Detailed Occupation SOC Code,2018 SOC,No
51-5113,Print Binding and Finishing Workers,None,Detailed Occupation SOC Code,2018 SOC,No
51-6011,Laundry and Dry-Cleaning Workers,None,Detailed Occupation SOC Code,2018 SOC,No
51-6021,"Pressers, Textile, Garment, and Related Materials",None,Detailed Occupation SOC Code,2018 SOC,No
51-6031,Sewing Machine Operators,None,Detailed Occupation SOC Code,2018 SOC,No
51-6041,Shoe and Leather Workers and Repairers,None,Detailed Occupation SOC Code,2018 SOC,No
51-6042,Shoe Machine Operators and Tenders,None,Detailed Occupation SOC Code,2018 SOC,No
51-6051,"Sewers, Hand",None,Detailed Occupation SOC Code,2018 SOC,No
51-6052,"Tailors, Dressmakers, and Custom Sewers",None,Detailed Occupation SOC Code,2018 SOC,No
51-6061,Textile Bleaching and Dyeing Machine Operators and Tenders,None,Detailed Occupation SOC Code,2018 SOC,No
51-6062,"Textile Cutting Machine Setters, Operators, and Tenders",None,Detailed Occupation SOC Code,2018 SOC,No
51-6063,"Textile Knitting and Weaving Machine Setters, Operators, and Tenders",None,Detailed Occupation SOC Code,2018 SOC,No
51-6064,"Textile Winding, Twisting, and Drawing Out Machine Setters, Operators, and Tenders",None,Detailed Occupation SOC Code,2018 SOC,No
51-6091,"Extruding and Forming Machine Setters, Operators, and Tenders, Synthetic and Glass Fibers",None,Detailed Occupation SOC Code,2018 SOC,No
51-6092,Fabric and Apparel Patternmakers,None,Detailed Occupation SOC Code,2018 SOC,No
51-6093,Upholsterers,None,Detailed Occupation SOC Code,2018 SOC,No
51-6099,"Textile, Apparel, and Furnishings Workers, All Other",None,Detailed Occupation SOC Code,2018 SOC,No
51-7011,Cabinetmakers and Bench Carpenters,None,Detailed Occupation SOC Code,2018 SOC,No
51-7021,Furniture Finishers,None,Detailed Occupation SOC Code,2018 SOC,No
51-7031,"Model Makers, Wood",None,Detailed Occupation SOC Code,2018 SOC,No
51-7032,"Patternmakers, Wood",None,Detailed Occupation SOC Code,2018 SOC,No
51-7041,"Sawing Machine Setters, Operators, and Tenders, Wood",None,Detailed Occupation SOC Code,2018 SOC,No
51-7042,"Woodworking Machine Setters, Operators, and Tenders, Except Sawing",None,Detailed Occupation SOC Code,2018 SOC,No
51-7099,"Woodworkers, All Other",None,Detailed Occupation SOC Code,2018 SOC,No
51-8011,Nuclear Power Reactor Operators,None,Detailed Occupation SOC Code,2018 SOC,No
51-8012,Power Distributors and Dispatchers,None,Detailed Occupation SOC Code,2018 SOC,No
51-8013,Power Plant Operators,None,Detailed Occupation SOC Code,2018 SOC,No
51-8021,Stationary Engineers and Boiler Operators,None,Detailed Occupation SOC Code,2018 SOC,No
51-8031,Water and Wastewater Treatment Plant and System Operators,None,Detailed Occupation SOC Code,2018 SOC,No
51-8091,Chemical Plant and System Operators,None,Detailed Occupation SOC Code,2018 SOC,No
51-8092,Gas Plant Operators,None,Detailed Occupation SOC Code,2018 SOC,No
51-8093,"Petroleum Pump System Operators, Refinery Operators, and Gaugers",None,Detailed Occupation SOC Code,2018 SOC,No
51-8099,"Plant and System Operators, All Other",None,Detailed Occupation SOC Code,2018 SOC,No
51-9011,Chemical Equipment Operators and Tenders,None,Detailed Occupation SOC Code,2018 SOC,No
51-9012,"Separating, Filtering, Clarifying, Precipitating, and Still Machine Setters, Operators, and Tenders",None,Detailed Occupation SOC Code,2018 SOC,No
51-9021,"Crushing, Grinding, and Polishing Machine Setters, Operators, and Tenders",None,Detailed Occupation SOC Code,2018 SOC,No
51-9022,"Grinding and Polishing Workers, Hand",None,Detailed Occupation SOC Code,2018 SOC,No
51-9023,"Mixing and Blending Machine Setters, Operators, and Tenders",None,Detailed Occupation SOC Code,2018 SOC,No
51-9031,"Cutters and Trimmers, Hand",None,Detailed Occupation SOC Code,2018 SOC,No
51-9032,"Cutting and Slicing Machine Setters, Operators, and Tenders",None,Detailed Occupation SOC Code,2018 SOC,No
51-9041,"Extruding, Forming, Pressing, and Compacting Machine Setters, Operators, and Tenders",None,Detailed Occupation SOC Code,2018 SOC,No
51-9051,"Furnace, Kiln, Oven, Drier, and Kettle Operators and Tenders",None,Detailed Occupation SOC Code,2018 SOC,No
51-9061,"Inspectors, Testers, Sorters, Samplers, and Weighers",None,Detailed Occupation SOC Code,2018 SOC,No
51-9071,Jewelers and Precious Stone and Metal Workers,None,Detailed Occupation SOC Code,2018 SOC,No
51-9081,Dental Laboratory Technicians,None,Detailed Occupation SOC Code,2018 SOC,No
51-9082,Medical Appliance Technicians,None,Detailed Occupation SOC Code,2018 SOC,No
51-9083,Ophthalmic Laboratory Technicians,None,Detailed Occupation SOC Code,2018 SOC,No
51-9111,Packaging and Filling Machine Operators and Tenders,None,Detailed Occupation SOC Code,2018 SOC,No
51-9123,"Painting, Coating, and Decorating Workers",None,Detailed Occupation SOC Code,2018 SOC,No
51-9124,"Coating, Painting, and Spraying Machine Setters, Operators, and Tenders",None,Detailed Occupation SOC Code,2018 SOC,No
51-9141,Semiconductor Processing Technicians,None,Detailed Occupation SOC Code,2018 SOC,No
51-9151,Photographic Process Workers and Processing Machine Operators,None,Detailed Occupation SOC Code,2018 SOC,No
51-9161,Computer Numerically Controlled Tool Operators,None,Detailed Occupation SOC Code,2018 SOC,No
51-9162,Computer Numerically Controlled Tool Programmers,None,Detailed Occupation SOC Code,2018 SOC,No
51-9191,Adhesive Bonding Machine Operators and Tenders,None,Detailed Occupation SOC Code,2018 SOC,No
51-9192,"Cleaning, Washing, and Metal Pickling Equipment Operators and Tenders",None,Detailed Occupation SOC Code,2018 SOC,No
51-9193,Cooling and Freezing Equipment Operators and Tenders,None,Detailed Occupation SOC Code,2018 SOC,No
51-9194,Etchers and Engravers,None,Detailed Occupation SOC Code,2018 SOC,No
51-9195,"Molders, Shapers, and Casters, Except Metal and Plastic",None,Detailed Occupation SOC Code,2018 SOC,No
51-9196,"Paper Goods Machine Setters, Operators, and Tenders",None,Detailed Occupation SOC Code,2018 SOC,No
51-9197,Tire Builders,None,Detailed Occupation SOC Code,2018 SOC,No
51-9198,Helpers--Production Workers,None,Detailed Occupation SOC Code,2018 SOC,No
51-9199,"Production Workers, All Other",None,Detailed Occupation SOC Code,2018 SOC,No
53-1041,Aircraft Cargo Handling Supervisors,None,Detailed Occupation SOC Code,2018 SOC,No
53-1042,"First-Line Supervisors of Helpers, Laborers, and Material Movers, Hand",None,Detailed Occupation SOC Code,2018 SOC,No
53-1043,First-Line Supervisors of Material-Moving Machine and Vehicle Operators,None,Detailed Occupation SOC Code,2018 SOC,No
53-1044,First-Line Supervisors of Passenger Attendants,None,Detailed Occupation SOC Code,2018 SOC,No
53-1049,"First-Line Supervisors of Transportation Workers, All Other",None,Detailed Occupation SOC Code,2018 SOC,No
53-2011,"Airline Pilots, Copilots, and Flight Engineers",None,Detailed Occupation SOC Code,2018 SOC,No
53-2012,Commercial Pilots,None,Detailed Occupation SOC Code,2018 SOC,No
53-2021,Air Traffic Controllers,None,Detailed Occupation SOC Code,2018 SOC,No
53-2022,Airfield Operations Specialists,None,Detailed Occupation SOC Code,2018 SOC,No
53-2031,Flight Attendants,None,Detailed Occupation SOC Code,2018 SOC,No
53-3011,"Ambulance Drivers and Attendants, Except Emergency Medical Technicians",None,Detailed Occupation SOC Code,2018 SOC,No
53-3031,Driver/Sales Workers,None,Detailed Occupation SOC Code,2018 SOC,No
53-3032,Heavy and Tractor-Trailer Truck Drivers,None,Detailed Occupation SOC Code,2018 SOC,No
53-3033,Light Truck Drivers,None,Detailed Occupation SOC Code,2018 SOC,No
53-3051,"Bus Drivers, School",None,Detailed Occupation SOC Code,2018 SOC,No
53-3052,"Bus Drivers, Transit and Intercity",None,Detailed Occupation SOC Code,2018 SOC,No
53-3053,Shuttle Drivers and Chauffeurs,None,Detailed Occupation SOC Code,2018 SOC,No
53-3054,Taxi Drivers,None,Detailed Occupation SOC Code,2018 SOC,No
53-3099,"Motor Vehicle Operators, All Other",None,Detailed Occupation SOC Code,2018 SOC,No
53-4011,Locomotive Engineers,None,Detailed Occupation SOC Code,2018 SOC,No
53-4013,"Rail Yard Engineers, Dinkey Operators, and Hostlers",None,Detailed Occupation SOC Code,2018 SOC,No
53-4022,"Railroad Brake, Signal, and Switch Operators and Locomotive Firers",None,Detailed Occupation SOC Code,2018 SOC,No
53-4031,Railroad Conductors and Yardmasters,None,Detailed Occupation SOC Code,2018 SOC,No
53-4041,Subway and Streetcar Operators,None,Detailed Occupation SOC Code,2018 SOC,No
53-4099,"Rail Transportation Workers, All Other",None,Detailed Occupation SOC Code,2018 SOC,No
53-5011,Sailors and Marine Oilers,None,Detailed Occupation SOC Code,2018 SOC,No
53-5021,"Captains, Mates, and Pilots of Water Vessels",None,Detailed Occupation SOC Code,2018 SOC,No
53-5022,Motorboat Operators,None,Detailed Occupation SOC Code,2018 SOC,No
53-5031,Ship Engineers,None,Detailed Occupation SOC Code,2018 SOC,No
53-6011,Bridge and Lock Tenders,None,Detailed Occupation SOC Code,2018 SOC,No
53-6021,Parking Attendants,None,Detailed Occupation SOC Code,2018 SOC,No
53-6031,Automotive and Watercraft Service Attendants,None,Detailed Occupation SOC Code,2018 SOC,No
53-6032,Aircraft Service Attendants,None,Detailed Occupation SOC Code,2018 SOC,No
53-6041,Traffic Technicians,None,Detailed Occupation SOC Code,2018 SOC,No
53-6051,Transportation Inspectors,None,Detailed Occupation SOC Code,2018 SOC,No
53-6061,Passenger Attendants,None,Detailed Occupation SOC Code,2018 SOC,No
53-6099,"Transportation Workers, All Other",None,Detailed Occupation SOC Code,2018 SOC,No
53-7011,Conveyor Operators and Tenders,None,Detailed Occupation SOC Code,2018 SOC,No
53-7021,Crane and Tower Operators,None,Detailed Occupation SOC Code,2018 SOC,No
53-7031,Dredge Operators,None,Detailed Occupation SOC Code,2018 SOC,No
53-7041,Hoist and Winch Operators,None,Detailed Occupation SOC Code,2018 SOC,No
53-7051,Industrial Truck and Tractor Operators,None,Detailed Occupation SOC Code,2018 SOC,No
53-7061,Cleaners of Vehicles and Equipment,None,Detailed Occupation SOC Code,2018 SOC,No
53-7062,"Laborers and Freight, Stock, and Material Movers, Hand",None,Detailed Occupation SOC Code,2018 SOC,No
53-7063,Machine Feeders and Offbearers,None,Detailed Occupation SOC Code,2018 SOC,No
53-7064,"Packers and Packagers, Hand",None,Detailed Occupation SOC Code,2018 SOC,No
53-7065,Stockers and Order Fillers,None,Detailed Occupation SOC Code,2018 SOC,No
53-7071,Gas Compressor and Gas Pumping Station Operators,None,Detailed Occupation SOC Code,2018 SOC,No
53-7072,"Pump Operators, Except Wellhead Pumpers",None,Detailed Occupation SOC Code,2018 SOC,No
53-7073,Wellhead Pumpers,None,Detailed Occupation SOC Code,2018 SOC,No
53-7081,Refuse and Recyclable Material Collectors,None,Detailed Occupation SOC Code,2018 SOC,No
53-7121,"Tank Car, Truck, and Ship Loaders",None,Detailed Occupation SOC Code,2018 SOC,No
53-7199,"Material Moving Workers, All Other",None,Detailed Occupation SOC Code,2018 SOC,No
55-1011,Air Crew Officers,None,Detailed Occupation SOC Code,2018 SOC,No
55-1012,Aircraft Launch and Recovery Officers,None,Detailed Occupation SOC Code,2018 SOC,No
55-1013,Armored Assault Vehicle Officers,None,Detailed Occupation SOC Code,2018 SOC,No
55-1014,Artillery and Missile Officers,None,Detailed Occupation SOC Code,2018 SOC,No
55-1015,Command and Control Center Officers,None,Detailed Occupation SOC Code,2018 SOC,No
55-1016,Infantry Officers,None,Detailed Occupation SOC Code,2018 SOC,No
55-1017,Special Forces Officers,None,Detailed Occupation SOC Code,2018 SOC,No
55-1019,"Military Officer Special and Tactical Operations Leaders, All Other",None,Detailed Occupation SOC Code,2018 SOC,No
55-2011,First-Line Supervisors of Air Crew Members,None,Detailed Occupation SOC Code,2018 SOC,No
55-2012,First-Line Supervisors of Weapons Specialists/Crew Members,None,Detailed Occupation SOC Code,2018 SOC,No
55-2013,First-Line Supervisors of All Other Tactical Operations Specialists,None,Detailed Occupation SOC Code,2018 SOC,No
55-3011,Air Crew Members,None,Detailed Occupation SOC Code,2018 SOC,No
55-3012,Aircraft Launch and Recovery Specialists,None,Detailed Occupation SOC Code,2018 SOC,No
55-3013,Armored Assault Vehicle Crew Members,None,Detailed Occupation SOC Code,2018 SOC,No
55-3014,Artillery and Missile Crew Members,None,Detailed Occupation SOC Code,2018 SOC,No
55-3015,Command and Control Center Specialists,None,Detailed Occupation SOC Code,2018 SOC,No
55-3016,Infantry,None,Detailed Occupation SOC Code,2018 SOC,No
55-3018,Special Forces,None,Detailed Occupation SOC Code,2018 SOC,No
55-3019,"Military Enlisted Tactical Operations and Air/Weapons Specialists and Crew Members, All Other",None,Detailed Occupation SOC Code,2018 SOC,No
